,open,high,low,close,adjclose,volume,ticker,adjclose_5,true_adjclose_5,buy_profit,sell_profit
2010-09-09,4.199999809265137,4.210000038146973,4.138000011444092,4.142000198364258,4.142000198364258,1881000,TSLA,2.468576,4.188000202178955,-1.673424243927002,0.0
2010-10-01,4.138000011444092,4.150000095367432,4.061999797821045,4.119999885559082,4.119999885559082,2988500,TSLA,1.6355325,4.085999965667725,0.0,2.484467387199402
2010-10-08,4.085999965667725,4.1579999923706055,4.078000068664551,4.085999965667725,4.085999965667725,1339000,TSLA,1.4274848,4.107999801635742,-2.658515214920044,0.0
2010-10-14,4.199999809265137,4.205999851226807,4.079999923706055,4.150000095367432,4.150000095367432,1474000,TSLA,1.5126832,4.150000095367432,0.0,0.0
2010-10-15,4.177999973297119,4.179999828338623,4.050000190734863,4.107999801635742,4.107999801635742,1423500,TSLA,1.4645655,4.144000053405762,-2.6434342861175537,0.0
2010-10-20,4.0320000648498535,4.138000011444092,4.007999897003174,4.130000114440918,4.130000114440918,1562500,TSLA,1.4860166,4.199999809265137,-2.643983483314514,0.0
2010-10-26,4.159999847412109,4.374000072479248,4.1020002365112305,4.271999835968018,4.271999835968018,3304500,TSLA,1.7556251,4.25,0.0,2.516374707221985
2010-11-08,4.900000095367432,5.0,4.806000232696533,4.995999813079834,4.995999813079834,2547500,TSLA,2.2845166,6.159999847412109,-2.7114832401275635,0.0
2010-11-17,6.039999961853027,6.150000095367432,5.7220001220703125,5.8979997634887695,5.8979997634887695,3750000,TSLA,3.530712,7.093999862670899,-2.3672878742218018,0.0
2010-11-24,7.053999900817871,7.193999767303467,6.866000175476074,7.093999862670898,7.093999862670898,7125000,TSLA,4.6786294,6.46999979019165,0.0,2.415370464324951
2010-11-26,7.119999885559082,7.199999809265137,6.949999809265137,7.064000129699707,7.064000129699707,1753000,TSLA,4.363942,6.297999858856201,0.0,2.7000579833984375
2010-12-03,6.4019999504089355,6.449999809265137,6.173999786376953,6.297999858856201,6.297999858856201,5800500,TSLA,3.9830227,6.303999900817871,-2.3149771690368652,0.0
2010-12-06,6.269999980926514,6.289999961853027,5.9120001792907715,6.061999797821045,6.061999797821045,6372000,TSLA,3.7441485,6.110000133514404,-2.3178513050079346,0.0
2010-12-07,6.0980000495910645,6.480000019073486,6.010000228881836,6.311999797821045,6.311999797821045,6556500,TSLA,3.8861449,5.705999851226807,0.0,2.4258549213409424
2010-12-08,6.495999813079834,6.498000144958496,6.303999900817871,6.473999977111816,6.473999977111816,3300000,TSLA,3.9267724,5.920000076293945,0.0,2.547227621078491
2010-12-17,6.26800012588501,6.308000087738037,6.142000198364258,6.271999835968018,6.271999835968018,4065000,TSLA,3.7257788,5.110000133514404,0.0,2.5462210178375244
2010-12-21,6.360000133514404,6.538000106811523,6.3420000076293945,6.452000141143799,6.452000141143799,3888500,TSLA,3.8262756,5.546000003814697,0.0,2.6257245540618896
2010-12-30,5.539999961853027,5.579999923706055,5.276000022888184,5.300000190734863,5.300000190734863,10205500,TSLA,3.5555427,5.576000213623047,-1.744457483291626,0.0
2011-01-10,5.633999824523926,5.736000061035156,5.610000133514404,5.690000057220459,5.690000057220459,6713500,TSLA,3.1912491,5.127999782562256,0.0,2.498750925064087
2011-01-21,4.624000072479248,4.7179999351501465,4.541999816894531,4.607999801635742,4.607999801635742,6085000,TSLA,2.533808,4.802000045776367,-2.0741918087005615,0.0
2011-02-03,4.763999938964844,4.78000020980835,4.630000114440918,4.72599983215332,4.72599983215332,2560000,TSLA,2.6069992,4.644000053405762,0.0,2.1190006732940674
2011-02-18,4.665999889373779,4.697999954223633,4.5920000076293945,4.636000156402588,4.636000156402588,11853500,TSLA,2.5292418,4.7779998779296875,-2.1067583560943604,0.0
2011-02-25,4.561999797821045,4.769999980926514,4.538000106811523,4.7220001220703125,4.7220001220703125,6731500,TSLA,2.7735672,4.989999771118164,-1.9484329223632812,0.0
2011-02-28,4.748000144958496,4.820000171661377,4.699999809265137,4.7779998779296875,4.7779998779296875,5256000,TSLA,2.9903736,4.98799991607666,-1.7876262664794922,0.0
2011-03-09,4.932000160217285,4.998000144958496,4.854000091552734,4.943999767303467,4.943999767303467,4624000,TSLA,2.705916,4.564000129699707,0.0,2.238083839416504
2011-03-18,4.638000011444092,4.638000011444092,4.501999855041504,4.5920000076293945,4.5920000076293945,3439500,TSLA,2.2992904,4.550000190734863,0.0,2.2927095890045166
2011-03-29,4.659999847412109,4.800000190734863,4.642000198364258,4.783999919891357,4.783999919891357,3777000,TSLA,2.4225528,5.340000152587891,-2.3614470958709717,0.0
2011-04-05,5.179999828338623,5.400000095367432,5.138000011444092,5.340000152587891,5.340000152587891,15904500,TSLA,3.776227,4.929999828338623,0.0,1.5637731552124023
2011-04-08,5.515999794006348,5.519999980926514,5.271999835968018,5.297999858856201,5.297999858856201,9732000,TSLA,3.292182,5.116000175476074,0.0,2.0058178901672363
2011-04-15,5.130000114440918,5.236000061035156,5.081999778747559,5.116000175476074,5.116000175476074,4717500,TSLA,2.4947736,5.2779998779296875,-2.6212265491485596,0.0
2011-04-18,5.026000022888184,5.124000072479248,4.872000217437744,5.00600004196167,5.00600004196167,5169500,TSLA,2.5790935,5.386000156402588,-2.4269065856933594,0.0
2011-04-20,5.139999866485596,5.2179999351501465,5.059999942779541,5.150000095367432,5.150000095367432,4186000,TSLA,2.9506738,5.5320000648498535,-2.199326276779175,0.0
2011-04-21,5.170000076293945,5.395999908447266,5.118000030517578,5.3480000495910645,5.3480000495910645,6930500,TSLA,3.258507,5.519999980926514,-2.0894930362701416,0.0
2011-04-27,5.386000156402588,5.4720001220703125,5.326000213623047,5.415999889373779,5.415999889373779,4984500,TSLA,3.115095,5.3379998207092285,0.0,2.3009049892425537
2011-05-04,5.355999946594238,5.400000095367432,5.150000095367432,5.3379998207092285,5.3379998207092285,5222500,TSLA,2.9827557,5.414000034332275,-2.3552441596984863,0.0
2011-05-13,5.599999904632568,5.638000011444092,5.460000038146973,5.510000228881836,5.510000228881836,3307500,TSLA,3.0705633,5.593999862670898,-2.439436912536621,0.0
2011-05-17,5.400000095367432,5.400000095367432,5.144000053405762,5.191999912261963,5.191999912261963,6171000,TSLA,2.8843338,5.343999862670898,-2.307666063308716,0.0
2011-05-20,5.6519999504089355,5.656000137329102,5.46999979019165,5.593999862670898,5.593999862670898,4212500,TSLA,2.9497921,5.909999847412109,-2.644207715988159,0.0
2011-05-27,5.9079999923706055,5.934000015258789,5.763999938964844,5.909999847412109,5.909999847412109,8435500,TSLA,3.45796,5.739999771118164,0.0,2.452039957046509
2011-06-22,5.473999977111816,5.650000095367432,5.420000076293945,5.441999912261963,5.441999912261963,7378000,TSLA,3.3562799,5.6579999923706055,-2.0857200622558594,0.0
2011-07-18,5.4679999351501465,5.489999771118164,5.326000213623047,5.446000099182129,5.446000099182129,4259500,TSLA,2.845044,5.697999954223633,-2.6009562015533447,0.0
2011-07-19,5.515999794006348,5.622000217437744,5.507999897003174,5.578000068664551,5.578000068664551,5130500,TSLA,3.004869,5.599999904632568,-2.5731310844421387,0.0
2011-07-21,5.7820000648498535,5.831999778747559,5.619999885559082,5.739999771118164,5.739999771118164,5057500,TSLA,3.2879796,5.633999824523926,0.0,2.4520201683044434
2011-08-05,4.998000144958496,5.076000213623047,4.565999984741211,4.8480000495910645,4.8480000495910645,9822000,TSLA,3.2516823,5.26200008392334,-1.5963177680969238,0.0
2011-08-08,4.619999885559082,4.888000011444092,4.619999885559082,4.728000164031982,4.728000164031982,13042500,TSLA,3.2398388,5.245999813079834,-1.488161325454712,0.0
2011-08-11,4.808000087738037,5.150000095367432,4.800000190734863,5.059999942779541,5.059999942779541,4182500,TSLA,2.679443,4.8520002365112305,0.0,2.380557060241699
2011-08-24,4.619999885559082,4.785999774932861,4.565999984741211,4.77400016784668,4.77400016784668,3421500,TSLA,2.5216794,4.947999954223633,-2.2523207664489746,0.0
2011-09-06,4.5,4.639999866485596,4.458000183105469,4.5879998207092285,4.5879998207092285,4049000,TSLA,2.265032,4.815999984741211,-2.322967767715454,0.0
2011-09-12,4.5,4.6620001792907715,4.489999771118164,4.576000213623047,4.576000213623047,2833000,TSLA,2.1943455,5.1539998054504395,-2.381654739379883,0.0
2011-09-14,4.849999904632568,4.9679999351501465,4.757999897003174,4.868000030517578,4.868000030517578,4154000,TSLA,2.5460415,5.170000076293945,-2.321958541870117,0.0
2011-09-20,5.196000099182129,5.320000171661377,5.133999824523926,5.202000141143799,5.202000141143799,5902000,TSLA,3.0610473,5.23799991607666,-2.1409528255462646,0.0
2011-09-27,5.199999809265137,5.3979997634887695,5.113999843597412,5.23799991607666,5.23799991607666,3372500,TSLA,2.650098,4.73199987411499,0.0,2.5879018306732178
2011-10-03,4.989999771118164,5.0,4.650000095367432,4.745999813079834,4.745999813079834,5116000,TSLA,2.6172462,5.576000213623047,-2.128753662109375,0.0
2011-10-10,5.461999893188477,5.636000156402588,5.400000095367432,5.576000213623047,5.576000213623047,4617500,TSLA,3.3821597,5.484000205993652,0.0,2.193840503692627
2011-10-11,5.501999855041504,5.553999900817871,5.418000221252441,5.521999835968018,5.521999835968018,2878500,TSLA,3.1811464,5.668000221252441,-2.340853452682495,0.0
2011-10-18,5.460000038146973,5.685999870300293,5.3420000076293945,5.668000221252441,5.668000221252441,4998500,TSLA,3.2273564,5.650000095367432,0.0,2.440643787384033
2011-10-24,5.573999881744385,5.7779998779296875,5.550000190734863,5.710000038146973,5.710000038146973,4703000,TSLA,3.3002064,5.874000072479248,-2.4097936153411865,0.0
2011-10-26,5.638000011444092,5.673999786376953,5.480000019073486,5.5960001945495605,5.5960001945495605,2552500,TSLA,3.087599,5.742000102996826,-2.5084011554718018,0.0
2011-10-27,5.668000221252441,5.789999961853027,5.622000217437744,5.751999855041504,5.751999855041504,4347000,TSLA,3.2884746,6.492000102996826,-2.4635252952575684,0.0
2011-11-01,5.677999973297119,5.783999919891357,5.599999904632568,5.776000022888184,5.776000022888184,3176000,TSLA,3.217506,6.368000030517578,-2.5584940910339355,0.0
2011-11-03,6.0,6.498000144958496,5.906000137329102,6.492000102996826,6.492000102996826,12548500,TSLA,4.3321815,6.265999794006348,0.0,2.159818649291992
2011-11-07,6.328000068664551,6.400000095367432,6.150000095367432,6.254000186920166,6.254000186920166,6331500,TSLA,4.051559,6.644000053405763,-2.2024412155151367,0.0
2011-11-09,6.173999786376953,6.297999858856201,6.059999942779541,6.176000118255615,6.176000118255615,4768500,TSLA,3.7787838,6.987999916076659,-2.397216320037842,0.0
2011-11-16,6.696000099182129,7.0,6.679999828338623,6.98799991607666,6.98799991607666,9166000,TSLA,4.700569,6.289999961853027,0.0,2.287430763244629
2011-11-22,6.3520002365112305,6.558000087738037,6.210000038146973,6.414000034332275,6.414000034332275,3663000,TSLA,3.772005,6.547999858856201,-2.6419949531555176,0.0
2011-11-28,6.400000095367432,6.656000137329102,6.361999988555908,6.51200008392334,6.51200008392334,3406000,TSLA,3.8437078,6.883999824523927,-2.668292284011841,0.0
2011-11-29,6.498000144958496,6.613999843597412,6.326000213623047,6.349999904632568,6.349999904632568,2955500,TSLA,3.8412724,6.973999977111817,-2.508727550506592,0.0
2011-11-30,6.5,6.585999965667725,6.443999767303467,6.547999858856201,6.547999858856201,3801500,TSLA,3.977545,6.8379998207092285,-2.5704548358917236,0.0
2011-12-01,6.513999938964844,6.797999858856201,6.395999908447266,6.519999980926514,6.519999980926514,5151000,TSLA,4.1137624,6.177999973297119,0.0,2.4062376022338867
2011-12-15,5.734000205993652,5.834000110626221,5.624000072479248,5.723999977111816,5.723999977111816,3501500,TSLA,3.3186715,5.553999900817871,0.0,2.4053285121917725
2011-12-29,5.7179999351501465,5.868000030517578,5.710000038146973,5.745999813079834,5.745999813079834,2441000,TSLA,3.1391094,5.381999969482422,0.0,2.6068904399871826
2012-01-04,5.642000198364258,5.734000205993652,5.5,5.541999816894531,5.541999816894531,3150500,TSLA,3.0856454,5.645999908447266,-2.4563543796539307,0.0
2012-01-05,5.552000045776367,5.585999965667725,5.369999885559082,5.423999786376953,5.423999786376953,5027500,TSLA,3.1422694,5.650000095367432,-2.2817304134368896,0.0
2012-01-06,5.440000057220459,5.558000087738037,5.2820000648498535,5.381999969482422,5.381999969482422,4931500,TSLA,3.1471798,4.558000087738037,0.0,2.2348201274871826
2012-01-10,5.48799991607666,5.552000045776367,5.449999809265137,5.52400016784668,5.52400016784668,3359000,TSLA,3.2835708,5.361999988555908,0.0,2.240429401397705
2012-02-03,6.081999778747559,6.265999794006348,6.050000190734863,6.230000019073486,6.230000019073486,3822500,TSLA,3.7780595,6.21999979019165,0.0,2.4519405364990234
2012-02-07,6.360000133514404,6.360000133514404,6.164000034332275,6.320000171661377,6.320000171661377,5108000,TSLA,4.066726,6.633999824523926,-2.2532739639282227,0.0
2012-02-09,6.400000095367432,6.579999923706055,6.285999774932861,6.515999794006348,6.515999794006348,6385500,TSLA,4.4244995,6.8359999656677255,-2.0915002822875977,0.0
2012-02-10,6.452000141143799,6.453999996185303,5.9679999351501465,6.21999979019165,6.21999979019165,9371000,TSLA,4.5001984,6.993999958038329,-1.719801425933838,0.0
2012-02-28,6.728000164031982,6.888000011444092,6.633999824523926,6.76200008392334,6.76200008392334,3061000,TSLA,4.125868,6.622000217437744,0.0,2.63613224029541
2012-02-29,6.76200008392334,6.823999881744385,6.627999782562256,6.682000160217285,6.682000160217285,2678500,TSLA,4.032301,6.624000072479248,0.0,2.6496992111206055
2012-03-02,6.880000114440918,6.900000095367432,6.742000102996826,6.808000087738037,6.808000087738037,2750000,TSLA,4.1187973,6.947999954223634,-2.6892027854919434,0.0
2012-03-06,6.650000095367432,6.656000137329102,6.52400016784668,6.622000217437744,6.622000217437744,2869000,TSLA,3.9117262,7.2179999351501465,-2.7102739810943604,0.0
2012-03-13,7.302000045776367,7.317999839782715,7.099999904632568,7.2179999351501465,7.2179999351501465,5008000,TSLA,4.790963,6.992000102996826,0.0,2.427036762237549
2012-04-04,7.053999900817871,7.0980000495910645,6.938000202178955,7.0,7.0,22409000,TSLA,5.615038,6.688000202178955,0.0,1.3849620819091797
2012-04-09,6.820000171661377,6.857999801635742,6.619999885559082,6.630000114440918,6.630000114440918,8278500,TSLA,4.4593678,6.449999809265137,0.0,2.1706323623657227
2012-04-11,6.6479997634887695,6.6579999923706055,6.4019999504089355,6.618000030517578,6.618000030517578,5527500,TSLA,4.2423577,6.5320000648498535,0.0,2.3756422996520996
2012-04-16,6.682000160217285,6.739999771118164,6.418000221252441,6.449999809265137,6.449999809265137,5498000,TSLA,4.2963104,6.388000011444092,0.0,2.153689384460449
2012-05-01,6.625999927520752,6.8420000076293945,6.625999927520752,6.75600004196167,6.75600004196167,3295000,TSLA,4.3751493,6.038000106811523,0.0,2.3808507919311523
2012-05-03,6.7820000648498535,6.800000190734863,6.426000118255615,6.492000102996826,6.492000102996826,4206500,TSLA,4.3097763,6.5920000076293945,-2.1822237968444824,0.0
2012-05-11,6.498000144958496,6.688000202178955,6.432000160217285,6.449999809265137,6.449999809265137,6106500,TSLA,4.8236513,5.51200008392334,0.0,1.6263484954833984
2012-05-16,5.915999889373779,6.035999774932861,5.776000022888184,5.835999965667725,5.835999965667725,6285500,TSLA,3.7361667,6.203999996185303,-2.0998332500457764,0.0
2012-05-29,6.001999855041504,6.386000156402588,6.001999855041504,6.3379998207092285,6.3379998207092285,8250000,TSLA,4.217091,5.581999778747559,0.0,2.120908737182617
2012-06-11,6.061999797821045,6.199999809265137,5.791999816894531,5.823999881744385,5.823999881744385,3180000,TSLA,3.8093808,6.368000030517578,-2.0146191120147705,0.0
2012-06-12,5.8460001945495605,5.9679999351501465,5.76200008392334,5.932000160217285,5.932000160217285,2845000,TSLA,3.685217,6.418000221252441,-2.2467832565307617,0.0
2012-06-15,5.877999782562256,5.989999771118164,5.76200008392334,5.98199987411499,5.98199987411499,3234000,TSLA,3.7569,6.757999897003175,-2.225099802017212,0.0
2012-06-18,5.98799991607666,6.466000080108643,5.900000095367432,6.368000030517578,6.368000030517578,6284000,TSLA,4.1894217,6.622000217437744,-2.1785783767700195,0.0
2012-06-19,6.4039998054504395,6.5320000648498535,6.300000190734863,6.418000221252441,6.418000221252441,4555500,TSLA,4.3176074,6.322000026702881,0.0,2.1003928184509277
2012-06-21,6.8520002365112305,6.855999946594238,6.368000030517578,6.438000202178955,6.438000202178955,9459500,TSLA,4.8689337,6.2820000648498535,0.0,1.5690665245056152
2012-06-25,6.788000106811523,6.823999881744385,6.550000190734863,6.622000217437744,6.622000217437744,7492500,TSLA,4.713897,6.079999923706055,0.0,1.9081029891967773
2012-06-27,6.380000114440918,6.489999771118164,6.314000129699707,6.392000198364258,6.392000198364258,5236000,TSLA,4.060567,6.245999813079834,0.0,2.3314332962036133
2012-06-28,6.380000114440918,6.421999931335449,6.124000072479248,6.2820000648498535,6.2820000648498535,4570500,TSLA,3.8250494,6.197999954223633,0.0,2.4569506645202637
2012-06-29,6.559999942779541,6.559999942779541,6.199999809265137,6.257999897003174,6.257999897003174,5629000,TSLA,3.9089465,6.297999858856201,-2.349053382873535,0.0
2012-07-06,6.197999954223633,6.3460001945495605,6.159999847412109,6.197999954223633,6.197999954223633,3922500,TSLA,3.682909,6.849999904632568,-2.5150909423828125,0.0
2012-07-11,6.314000129699707,6.335999965667725,6.202000141143799,6.302000045776367,6.302000045776367,3193000,TSLA,4.072387,6.429999828338623,-2.2296128273010254,0.0
2012-07-20,6.414000034332275,6.449999809265137,6.25,6.357999801635742,6.357999801635742,7842500,TSLA,4.575907,5.9019999504089355,0.0,1.782092571258545
2012-07-24,6.131999969482422,6.208000183105469,5.923999786376953,5.9679999351501465,5.9679999351501465,7501500,TSLA,4.082418,5.484000205993652,0.0,1.8855819702148438
2012-08-01,5.5980000495910645,5.5980000495910645,5.205999851226807,5.25,5.25,7961500,TSLA,3.473632,5.817999839782715,-1.7763679027557373,0.0
2012-08-09,5.9039998054504395,6.0,5.826000213623047,5.881999969482422,5.881999969482422,3363000,TSLA,3.443222,6.059999942779541,-2.4387779235839844,0.0
2012-08-14,6.150000095367432,6.234000205993652,5.8520002365112305,5.883999824523926,5.883999824523926,3967000,TSLA,3.4032667,5.822000026702881,0.0,2.4807331562042236
2012-08-23,6.0,6.170000076293945,5.929999828338623,6.145999908447266,6.145999908447266,7355000,TSLA,4.27146,5.682000160217285,0.0,1.874539852142334
2012-09-05,5.6020002365112305,5.699999809265137,5.561999797821045,5.5879998207092285,5.5879998207092285,3196500,TSLA,3.195737,5.656000137329102,-2.3922629356384277,0.0
2012-10-04,6.0,6.019999980926514,5.730000019073486,5.880000114440918,5.880000114440918,7706500,TSLA,3.8215256,5.664000034332275,0.0,2.058474540710449
2012-10-05,5.940000057220459,5.961999893188477,5.736000061035156,5.7779998779296875,5.7779998779296875,4693000,TSLA,3.5808847,5.5279998779296875,0.0,2.197115182876587
2012-10-11,5.788000106811523,5.796000003814697,5.650000095367432,5.664000034332275,5.664000034332275,2253000,TSLA,3.169349,5.607999801635742,0.0,2.4946510791778564
2012-10-17,5.650000095367432,5.76800012588501,5.559999942779541,5.763999938964844,5.763999938964844,3340000,TSLA,3.281086,5.484000205993652,0.0,2.4829139709472656
2012-10-19,5.565999984741211,5.639999866485596,5.460000038146973,5.547999858856201,5.547999858856201,5137000,TSLA,3.306638,5.47599983215332,0.0,2.2413618564605713
2012-10-24,5.703999996185303,5.703999996185303,5.449999809265137,5.484000205993652,5.484000205993652,5082000,TSLA,3.402234,5.783999919891357,-2.081766128540039,0.0
2012-11-13,6.257999897003174,6.400000095367432,6.144000053405762,6.322000026702881,6.322000026702881,4991500,TSLA,3.7522976,6.599999904632569,-2.569702386856079,0.0
2012-11-15,6.260000228881836,6.288000106811523,6.099999904632568,6.164000034332275,6.164000034332275,4920000,TSLA,3.6576588,6.426000118255615,-2.5063412189483643,0.0
2012-11-20,6.559999942779541,6.619999885559082,6.381999969482422,6.599999904632568,6.599999904632568,4612500,TSLA,4.1468797,6.645999908447266,-2.453120231628418,0.0
2012-11-27,6.426000118255615,6.5320000648498535,6.303999900817871,6.429999828338623,6.429999828338623,4554000,TSLA,4.183649,6.7800002098083505,-2.2463507652282715,0.0
2012-12-04,6.815999984741211,6.960000038146973,6.710000038146973,6.78000020980835,6.78000020980835,6316500,TSLA,4.8575587,7.056000232696533,-1.9224414825439453,0.0
2012-12-05,6.763999938964844,6.8379998207092285,6.716000080108643,6.742000102996826,6.742000102996826,3307500,TSLA,4.574045,7.052000045776366,-2.167954921722412,0.0
2012-12-17,6.754000186920166,6.900000095367432,6.75,6.880000114440918,6.880000114440918,4124500,TSLA,4.490371,6.855999946594238,0.0,2.3896288871765137
2013-01-03,7.035999774932861,7.090000152587891,6.949999809265137,6.953999996185303,6.953999996185303,3710000,TSLA,4.458768,6.705999851226807,0.0,2.495232105255127
2013-01-09,6.802000045776367,6.8379998207092285,6.679999828338623,6.728000164031982,6.728000164031982,3490000,TSLA,4.51194,6.820000171661377,-2.216060161590576,0.0
2013-01-10,6.77400016784668,6.797999858856201,6.676000118255615,6.705999851226807,6.705999851226807,4612500,TSLA,4.532795,6.875999927520752,-2.1732048988342285,0.0
2013-01-22,6.9120001792907715,7.110000133514404,6.8520002365112305,7.038000106811523,7.038000106811523,9601000,TSLA,5.1659756,7.5900001525878915,-1.8720245361328125,0.0
2013-02-05,7.599999904632568,7.730000019073486,7.535999774932861,7.625999927520752,7.625999927520752,6551000,TSLA,5.3929963,7.578000068664552,0.0,2.233003616333008
2013-02-22,7.144000053405762,7.2779998779296875,7.119999885559082,7.2220001220703125,7.2220001220703125,12736500,TSLA,5.899751,6.929999828338622,0.0,1.322248935699463
2013-02-25,7.230000019073486,7.349999904632568,6.868000030517578,6.875999927520752,6.875999927520752,14447000,TSLA,5.818349,7.116000175476073,-1.0576510429382324,0.0
2013-02-27,6.881999969482422,7.081999778747559,6.880000114440918,7.019999980926514,7.019999980926514,9796000,TSLA,5.2179713,7.538000106811523,-1.8020286560058594,0.0
2013-03-11,7.77400016784668,7.888000011444092,7.730000019073486,7.820000171661377,7.820000171661377,7897500,TSLA,5.53554,7.03000020980835,0.0,2.2844600677490234
2013-03-12,7.78000020980835,7.875999927520752,7.769999980926514,7.823999881744385,7.823999881744385,6375500,TSLA,5.475284,7.015999794006348,0.0,2.3487157821655273
2013-03-20,7.052000045776367,7.214000225067139,7.0320000648498535,7.190000057220459,7.190000057220459,7115000,TSLA,5.1653233,7.631999969482422,-2.02467679977417,0.0
2013-03-21,7.190000057220459,7.4120001792907715,7.1479997634887695,7.202000141143799,7.202000141143799,5731500,TSLA,5.218853,7.578000068664552,-1.983147144317627,0.0
2013-04-05,8.399999618530273,8.399999618530273,8.100000381469727,8.27400016784668,8.27400016784668,7762000,TSLA,6.402304,8.75,-1.8716959953308105,0.0
2013-04-10,8.140000343322754,8.402000427246094,8.121999740600586,8.371999740600586,8.371999740600586,10605500,TSLA,5.9352126,9.09000015258789,-2.4367871284484863,0.0
2013-04-24,10.180000305175781,10.210000038146973,9.795999526977539,10.086000442504883,10.086000442504883,13150000,TSLA,9.0415945,10.656000137329102,-1.0444059371948242,0.0
2013-05-06,11.277999877929688,11.932000160217285,11.100000381469727,11.899999618530273,11.899999618530273,21833500,TSLA,10.413046,17.559999465942383,-1.4869537353515625,0.0
2013-05-07,12.399999618530273,12.473999977111816,11.02400016784668,11.10200023651123,11.10200023651123,49955000,TSLA,12.271865,16.648000717163086,1.1698646545410156,0.0
2013-05-14,18.8439998626709,19.423999786376953,16.229999542236328,16.648000717163086,16.648000717163086,185819500,TSLA,27.782055,17.51799964904785,11.134054183959961,0.0
2013-05-16,18.940000534057617,19.0,17.73200035095215,18.450000762939453,18.450000762939453,108070000,TSLA,23.549337,18.54599952697754,5.099336624145508,0.0
2013-06-10,19.785999298095703,20.503999710083008,19.714000701904297,20.010000228881836,20.010000228881836,46143000,TSLA,20.256447,20.440000534057617,0.2464466094970703,0.0
2013-07-01,21.871999740600586,23.554000854492188,21.829999923706055,23.43600082397461,23.43600082397461,54518000,TSLA,21.196468,24.690000534057617,-2.239532470703125,0.0
2013-07-08,24.27400016784668,24.43600082397461,23.763999938964844,24.32200050354004,24.32200050354004,39071000,TSLA,20.896158,25.45199966430664,-3.42584228515625,0.0
2013-07-09,24.92799949645996,25.06399917602539,24.381999969482422,24.690000534057617,24.690000534057617,43016500,TSLA,22.187439,21.809999465942383,0.0,2.502561569213867
2013-07-31,26.513999938964844,26.993999481201172,26.290000915527344,26.856000900268555,26.856000900268555,31758500,TSLA,28.499548,26.84600067138672,0.0,-1.6435470581054688
2013-08-09,30.479999542236328,31.190000534057617,30.25,30.600000381469727,30.600000381469727,44638500,TSLA,33.518818,28.399999618530277,0.0,-2.9188175201416016
2013-08-15,27.285999298095703,28.719999313354492,27.0,27.93400001525879,27.93400001525879,50896000,TSLA,28.703056,31.420000076293945,0.7690563201904297,0.0
2013-08-19,28.68600082397461,29.47599983215332,28.56599998474121,28.979999542236328,28.979999542236328,40188500,TSLA,29.459736,32.84400177001953,0.479736328125,0.0
2013-08-20,29.729999542236328,29.95599937438965,29.399999618530273,29.916000366210938,29.916000366210938,32091000,TSLA,29.767532,33.402000427246094,-0.148468017578125,0.0
2013-08-22,29.8439998626709,31.496000289916992,29.628000259399414,31.420000076293945,31.420000076293945,52962000,TSLA,31.450058,33.21200180053711,0.030057907104492188,0.0
2013-09-18,33.41400146484375,33.4900016784668,32.84000015258789,33.24399948120117,33.24399948120117,27198500,TSLA,34.29907,37.04800033569336,1.0550689697265625,0.0
2013-09-20,35.779998779296875,37.16600036621094,35.71200180053711,36.678001403808594,36.678001403808594,67008500,TSLA,38.782856,38.18000030517578,2.1048545837402344,0.0
2013-09-23,36.895999908447266,37.09600067138672,35.422000885009766,36.22200012207031,36.22200012207031,40867000,TSLA,37.373455,38.67399978637695,1.1514549255371094,0.0
2013-09-25,36.71200180053711,37.2599983215332,36.099998474121094,37.04800033569336,37.04800033569336,41263500,TSLA,37.341625,36.189998626708984,0.0,-0.2936248779296875
2013-10-11,34.54999923706055,35.858001708984375,34.2400016784668,35.7400016784668,35.7400016784668,41555500,TSLA,36.79479,36.68000030517578,1.0547866821289062,0.0
2013-10-14,35.0,36.5,34.83000183105469,35.944000244140625,35.944000244140625,38848000,TSLA,36.611404,34.52000045776367,0.0,-0.6674041748046875
2013-10-23,33.78200149536133,34.36199951171875,32.029998779296875,32.900001525878906,32.900001525878906,66602000,TSLA,35.470783,31.8439998626709,0.0,-2.570781707763672
2013-10-24,33.0,34.900001525878906,32.566001892089844,34.630001068115234,34.630001068115234,54128500,TSLA,36.3092,31.98800086975098,0.0,-1.67919921875
2013-10-30,32.92599868774414,33.5359992980957,31.634000778198242,31.8439998626709,31.8439998626709,42009000,TSLA,34.676228,30.232000350952152,0.0,-2.8322277069091797
2013-11-11,28.200000762939453,29.083999633789062,27.420000076293945,28.940000534057617,28.940000534057617,69988000,TSLA,33.47525,24.31599998474121,0.0,-4.535249710083008
2013-11-15,27.3700008392334,27.59000015258789,26.8700008392334,27.09000015258789,27.09000015258789,49501000,TSLA,28.938374,24.275999069213867,0.0,-1.8483734130859375
2013-12-10,28.010000228881836,29.173999786376953,27.972000122070312,28.437999725341797,28.437999725341797,53741000,TSLA,32.37331,30.49200057983398,3.9353103637695312,0.0
2013-12-11,28.375999450683594,28.610000610351562,27.898000717163086,27.93000030517578,27.93000030517578,35689000,TSLA,31.001556,29.59600067138672,3.0715560913085938,0.0
2013-12-16,29.695999145507812,30.086000442504883,29.219999313354492,29.58799934387207,29.58799934387207,33376500,TSLA,31.536179,28.709999084472653,0.0,-1.9481792449951172
2013-12-17,29.516000747680664,30.926000595092773,29.263999938964844,30.492000579833984,30.492000579833984,52475000,TSLA,32.923847,30.2819995880127,0.0,-2.4318466186523438
2013-12-18,30.447999954223633,30.979999542236328,29.190000534057617,29.59600067138672,29.59600067138672,57909500,TSLA,32.919838,31.100000381469723,3.3238372802734375,0.0
2013-12-24,30.0,30.993999481201172,29.964000701904297,30.281999588012695,30.281999588012695,49707500,TSLA,32.66655,30.020000457763672,0.0,-2.384550094604492
2013-12-26,31.007999420166016,31.600000381469727,30.857999801635742,31.100000381469727,31.100000381469727,35647500,TSLA,32.460716,29.912000656127926,0.0,-1.3607158660888672
2014-01-03,30.0,30.437999725341797,29.719999313354492,29.91200065612793,29.91200065612793,23475000,TSLA,28.307993,29.14399909973144,0.0,1.6040077209472656
2014-01-15,33.689998626708984,34.44599914550781,32.41999816894531,32.82600021362305,32.82600021362305,102328000,TSLA,39.167336,36.29999923706055,6.341335296630859,0.0
2014-01-27,35.03200149536133,35.58399963378906,32.94200134277344,33.92399978637695,33.92399978637695,43582000,TSLA,34.98528,35.422000885009766,1.061279296875,0.0
2014-02-07,36.20199966430664,37.32600021362305,35.91999816894531,37.305999755859375,37.305999755859375,44642500,TSLA,38.227734,39.645999908447266,0.9217338562011719,0.0
2014-02-20,43.00199890136719,43.04199981689453,41.25400161743164,41.99399948120117,41.99399948120117,90011500,TSLA,46.579025,50.507999420166016,4.585025787353516,0.0
2014-02-21,42.327999114990234,42.79600143432617,41.8380012512207,41.91999816894531,41.91999816894531,39094000,TSLA,44.64833,48.96200180053711,2.72833251953125,0.0
2014-02-25,46.0,51.84000015258789,45.689998626708984,49.599998474121094,49.599998474121094,163408500,TSLA,56.05594,50.96799850463867,6.455940246582031,0.0
2014-02-27,52.25,52.380001068115234,49.66600036621094,50.507999420166016,50.507999420166016,89729000,TSLA,55.660927,50.5880012512207,5.152927398681641,0.0
2014-03-12,46.29999923706055,49.5,46.22200012207031,48.29800033569336,48.29800033569336,48772000,TSLA,46.41345,47.167999267578125,0.0,1.884552001953125
2014-03-14,47.05799865722656,47.38800048828125,45.66400146484375,46.194000244140625,46.194000244140625,41448500,TSLA,46.508015,45.77799987792969,0.0,-0.3140144348144531
2014-03-18,47.38999938964844,48.29999923706055,47.00400161743164,48.007999420166016,48.007999420166016,31211500,TSLA,48.743828,44.0880012512207,0.0,-0.7358283996582031
2014-03-20,47.231998443603516,47.849998474121094,46.672000885009766,46.981998443603516,46.981998443603516,19089500,TSLA,48.19736,41.4640007019043,0.0,-1.215362548828125
2014-03-24,45.95000076293945,45.97999954223633,42.05400085449219,44.034000396728516,44.034000396728516,56644000,TSLA,46.374454,41.689998626708984,0.0,-2.3404541015625
2014-04-01,41.80400085449219,43.63199996948242,41.715999603271484,43.39400100708008,43.39400100708008,36857000,TSLA,43.91333,43.09199905395508,0.0,-0.5193290710449219
2014-04-08,42.0099983215332,43.29800033569336,41.284000396728516,43.09199905395508,43.09199905395508,34446500,TSLA,42.342224,38.78200149536133,0.0,0.7497749328613281
2014-04-22,41.27199935913086,43.86600112915039,41.00199890136719,43.72800064086914,43.72800064086914,49023500,TSLA,43.715252,41.38399887084961,0.0,0.01274871826171875
2014-05-19,38.14400100708008,39.37799835205078,38.0,39.21799850463867,39.21799850463867,22858500,TSLA,39.525787,42.3120002746582,0.3077888488769531,0.0
2014-05-22,40.06999969482422,41.375999450683594,39.9119987487793,40.97600173950195,40.97600173950195,31072500,TSLA,42.39292,41.55400085449219,1.4169197082519531,0.0
2014-06-03,40.698001861572266,41.599998474121094,40.518001556396484,40.987998962402344,40.987998962402344,19304000,TSLA,42.021225,40.459999084472656,0.0,-1.0332260131835938
2014-06-13,40.95600128173828,41.358001708984375,40.316001892089844,41.284000396728516,41.284000396728516,17721500,TSLA,42.650944,45.917999267578125,1.366943359375,0.0
2014-06-17,44.821998596191406,47.108001708984375,44.56999969482422,46.33399963378906,46.33399963378906,66524500,TSLA,49.86176,46.5,3.527759552001953,0.0
2014-06-19,45.7760009765625,47.0620002746582,45.400001525878906,45.55799865722656,45.55799865722656,43965500,TSLA,48.542934,47.119998931884766,2.984935760498047,0.0
2014-06-24,47.79399871826172,48.375999450683594,46.32600021362305,46.5,46.5,40379500,TSLA,49.469288,47.944000244140625,2.969287872314453,0.0
2014-06-25,46.61000061035156,47.5099983215332,46.04800033569336,47.37799835205078,47.37799835205078,29008000,TSLA,48.19205,45.88600158691406,0.0,-0.8140525817871094
2014-07-02,48.13199996948242,48.465999603271484,45.41400146484375,45.88600158691406,45.88600158691406,40137000,TSLA,47.34874,43.891998291015625,0.0,-1.462738037109375
2014-07-11,44.12200164794922,44.31999969482422,43.52000045776367,43.625999450683594,43.625999450683594,16511500,TSLA,45.049854,44.00400161743164,1.4238548278808594,0.0
2014-07-14,43.99800109863281,45.757999420166016,43.09000015258789,45.34000015258789,45.34000015258789,36016000,TSLA,46.145893,44.108001708984375,0.0,-0.8058929443359375
2014-07-18,43.189998626708984,44.242000579833984,43.18600082397461,44.00400161743164,44.00400161743164,21268500,TSLA,44.343964,44.7140007019043,0.3399620056152344,0.0
2014-07-21,43.45000076293945,44.641998291015625,43.34400177001953,44.108001708984375,44.108001708984375,19111000,TSLA,44.18986,44.9640007019043,0.08185958862304688,0.0
2014-07-23,44.00199890136719,44.95000076293945,43.88600158691406,44.49800109863281,44.49800109863281,15416500,TSLA,44.58869,45.784000396728516,0.09069061279296875,0.0
2014-07-29,45.321998596191406,45.65999984741211,44.97200012207031,45.00199890136719,45.00199890136719,16912000,TSLA,45.916286,47.698001861572266,0.9142875671386719,0.0
2014-07-31,45.85200119018555,46.279998779296875,44.29999923706055,44.65999984741211,44.65999984741211,38745500,TSLA,46.89823,50.47800064086914,2.238231658935547,0.0
2014-08-05,47.49399948120117,48.597999572753906,47.13800048828125,47.698001861572266,47.698001861572266,26943000,TSLA,48.833313,51.992000579833984,1.1353111267089844,0.0
2014-08-07,50.02399826049805,51.3380012512207,49.82400131225586,50.47800064086914,50.47800064086914,37394500,TSLA,51.688057,52.2760009765625,1.2100563049316406,0.0
2014-08-08,50.231998443603516,50.35200119018555,49.29999923706055,49.625999450683594,49.625999450683594,25450500,TSLA,50.405426,52.402000427246094,0.7794265747070312,0.0
2014-08-15,52.29600143432617,52.417999267578125,51.70000076293945,52.402000427246094,52.402000427246094,19339500,TSLA,52.822636,51.35599899291992,0.0,-0.4206352233886719
2014-08-18,52.650001525878906,53.45199966430664,51.95000076293945,51.987998962402344,51.987998962402344,29246000,TSLA,53.91229,52.5099983215332,1.9242897033691406,0.0
2014-08-21,51.30400085449219,51.7599983215332,50.652000427246094,50.86800003051758,50.86800003051758,14578000,TSLA,51.318085,52.77199935913086,0.4500846862792969,0.0
2014-08-25,51.63800048828125,52.736000061035156,51.63800048828125,52.5099983215332,52.5099983215332,21590500,TSLA,52.798454,56.82400131225585,0.2884559631347656,0.0
2014-09-09,56.597999572753906,57.097999572753906,55.400001525878906,55.69599914550781,55.69599914550781,22794000,TSLA,57.463184,52.14799880981445,0.0,-1.7671852111816406
2014-09-25,50.50400161743164,50.992000579833984,49.220001220703125,49.38999938964844,49.38999938964844,24171000,TSLA,50.154892,50.284000396728516,0.764892578125,0.0
2014-10-02,50.040000915527344,50.55799865722656,49.071998596191406,50.284000396728516,50.284000396728516,44991000,TSLA,52.171024,51.402000427246094,1.88702392578125,0.0
2014-10-17,46.67599868774414,46.95399856567383,45.310001373291016,45.49599838256836,45.49599838256836,52747000,TSLA,49.537823,47.04800033569336,4.0418243408203125,0.0
2014-10-24,47.25400161743164,47.560001373291016,46.2400016784668,47.04800033569336,47.04800033569336,17316500,TSLA,47.545025,48.34000015258789,0.4970245361328125,0.0
2014-11-19,50.12200164794922,50.375999450683594,49.119998931884766,49.54800033569336,49.54800033569336,39592500,TSLA,52.613087,49.6879997253418,3.0650863647460938,0.0
2014-12-04,45.720001220703125,46.18000030517578,45.5620002746582,45.65599822998047,45.65599822998047,19278000,TSLA,46.710205,41.7760009765625,0.0,-1.0542068481445312
2014-12-16,40.178001403808594,40.736000061035156,39.07400131225586,39.5620002746582,39.5620002746582,42130500,TSLA,42.97981,44.194000244140625,3.4178085327148438,0.0
2014-12-30,44.79800033569336,45.130001068115234,44.279998779296875,44.44599914550781,44.44599914550781,14516000,TSLA,45.27704,42.189998626708984,0.0,-0.8310394287109375
2015-01-07,42.66999816894531,42.95600128173828,41.95600128173828,42.189998626708984,42.189998626708984,14842000,TSLA,43.637924,38.53799819946289,0.0,-1.4479255676269531
2015-01-15,38.89799880981445,39.150001525878906,38.0,38.374000549316406,38.374000549316406,26082500,TSLA,40.691338,40.257999420166016,2.3173370361328125,0.0
2015-01-22,39.400001525878906,40.64799880981445,39.040000915527344,40.32400131225586,40.32400131225586,20584500,TSLA,41.64254,41.040000915527344,1.3185386657714844,0.0
2015-01-28,41.22200012207031,41.27399826049805,39.683998107910156,39.874000549316406,39.874000549316406,15748000,TSLA,41.31483,43.709999084472656,1.4408302307128906,0.0
2015-02-05,43.97600173950195,45.09600067138672,43.928001403808594,44.198001861572266,44.198001861572266,17614500,TSLA,45.27559,40.57600021362305,0.0,-1.0775871276855469
2015-02-12,38.7140007019043,40.61800003051758,38.65599822998047,40.57600021362305,40.57600021362305,78248000,TSLA,44.829487,43.422000885009766,4.253486633300781,0.0
2015-02-17,41.13999938964844,41.13999938964844,40.29999923706055,40.869998931884766,40.869998931884766,19898000,TSLA,42.726738,40.821998596191406,0.0,-1.8567390441894531
2015-02-20,42.15599822998047,43.52000045776367,41.96200180053711,43.422000885009766,43.422000885009766,29910500,TSLA,44.748425,40.667999267578125,0.0,-1.3264236450195312
2015-02-26,40.79999923706055,42.21799850463867,40.444000244140625,41.4379997253418,41.4379997253418,32364500,TSLA,42.84994,40.125999450683594,0.0,-1.4119415283203125
2015-02-27,41.380001068115234,41.709999084472656,40.560001373291016,40.667999267578125,40.667999267578125,19410500,TSLA,41.699432,38.7760009765625,0.0,-1.03143310546875
2015-03-04,39.849998474121094,40.50400161743164,39.44200134277344,40.487998962402344,40.487998962402344,21110000,TSLA,40.86658,38.74800109863281,0.0,-0.3785820007324219
2015-03-11,38.22999954223633,39.236000061035156,38.20199966430664,38.74800109863281,38.74800109863281,24874500,TSLA,39.856514,40.141998291015625,1.1085128784179688,0.0
2015-03-12,38.75,38.88999938964844,37.95000076293945,38.2140007019043,38.2140007019043,20746500,TSLA,39.595055,39.130001068115234,1.3810539245605469,0.0
2015-04-07,40.50199890136719,41.012001037597656,40.22800064086914,40.650001525878906,40.650001525878906,21739500,TSLA,41.49258,41.492000579833984,0.8425788879394531,0.0
2015-04-13,42.0880012512207,42.599998474121094,41.810001373291016,41.95600128173828,41.95600128173828,18791000,TSLA,42.71208,41.05400085449219,0.0,-0.7560768127441406
2015-04-23,43.65399932861328,44.29600143432617,43.43000030517578,43.720001220703125,43.720001220703125,22056000,TSLA,45.56585,45.209999084472656,1.8458480834960938,0.0
2015-04-28,46.95000076293945,47.099998474121094,45.60599899291992,46.09600067138672,46.09600067138672,30427000,TSLA,48.275745,46.59000015258789,2.1797447204589844,0.0
2015-05-07,44.20000076293945,47.49599838256836,44.04999923706055,47.36000061035156,47.36000061035156,47279500,TSLA,47.914326,48.81999969482422,0.5543251037597656,0.0
2015-05-14,48.9640007019043,48.97800064086914,48.25,48.81999969482422,48.81999969482422,14479500,TSLA,48.80147,49.124000549316406,-0.018527984619140625,0.0
2015-05-15,48.7859992980957,49.880001068115234,48.5,49.768001556396484,49.768001556396484,22638000,TSLA,49.488056,49.54600143432617,0.0,0.27994537353515625
2015-05-29,50.20000076293945,50.57400131225586,49.88600158691406,50.15999984741211,50.15999984741211,18946500,TSLA,50.701042,49.827999114990234,0.0,-0.5410423278808594
2015-06-02,49.784000396728516,49.880001068115234,49.2599983215332,49.66999816894531,49.66999816894531,10674000,TSLA,49.55703,51.20000076293945,-0.11296844482421875,0.0
2015-06-04,49.5,49.86000061035156,49.141998291015625,49.183998107910156,49.183998107910156,12268000,TSLA,49.64495,50.28200149536133,0.4609527587890625,0.0
2015-06-11,50.652000427246094,50.874000549316406,50.08599853515625,50.28200149536133,50.28200149536133,10220500,TSLA,50.148933,52.37799835205078,-0.13306808471679688,0.0
2015-06-23,52.06399917602539,53.599998474121094,51.7140007019043,53.534000396728516,53.534000396728516,19354000,TSLA,52.857788,53.652000427246094,-0.6762123107910156,0.0
2015-07-13,52.45000076293945,52.5099983215332,51.209999084472656,52.43199920654297,52.43199920654297,14801500,TSLA,53.130974,56.45199966430665,0.698974609375,0.0
2015-07-27,52.486000061035156,52.88600158691406,50.15800094604492,50.60200119018555,50.60200119018555,23471000,TSLA,53.000946,51.99800109863281,2.398944854736328,0.0
2015-07-28,51.150001525878906,53.08000183105469,50.36800003051758,52.9640007019043,52.9640007019043,19479000,TSLA,53.141922,53.25600051879883,0.17792129516601562,0.0
2015-07-31,53.52000045776367,53.87200164794922,53.02399826049805,53.22999954223633,53.22999954223633,11113000,TSLA,54.122623,48.50199890136719,0.0,-0.8926239013671875
2015-08-07,48.715999603271484,48.74599838256836,47.678001403808594,48.50199890136719,48.50199890136719,25367000,TSLA,50.347466,48.630001068115234,1.8454666137695312,0.0
2015-08-10,47.630001068115234,48.59400177001953,47.209999084472656,48.22800064086914,48.22800064086914,20929500,TSLA,49.76813,50.99800109863281,1.540130615234375,0.0
2015-08-11,47.43000030517578,47.86000061035156,46.88800048828125,47.4739990234375,47.4739990234375,21324500,TSLA,49.42271,52.14400100708008,1.9487113952636719,0.0
2015-08-20,50.4119987487793,50.9119987487793,48.380001068115234,48.43600082397461,48.43600082397461,24529000,TSLA,51.197575,48.597999572753906,2.7615737915039062,0.0
2015-09-02,49.060001373291016,49.57600021362305,47.95600128173828,49.53799819946289,49.53799819946289,23146000,TSLA,51.183567,49.69599914550781,1.64556884765625,0.0
2015-09-04,48.178001403808594,48.81800079345703,47.63999938964844,48.38600158691406,48.38600158691406,18446000,TSLA,51.069347,50.63800048828125,2.6833457946777344,0.0
2015-09-08,49.0099983215332,49.832000732421875,48.810001373291016,49.63399887084961,49.63399887084961,15691000,TSLA,51.05323,50.7140007019043,1.4192314147949219,0.0
2015-09-10,49.44599914550781,50.14400100708008,49.066001892089844,49.69599914550781,49.69599914550781,13545000,TSLA,50.73791,52.41400146484375,1.0419120788574219,0.0
2015-09-15,50.54999923706055,50.91999816894531,49.900001525878906,50.7140007019043,50.7140007019043,14667500,TSLA,52.136677,52.1879997253418,1.4226760864257812,0.0
2015-09-22,51.805999755859375,52.529998779296875,51.17399978637695,52.1879997253418,52.1879997253418,18322000,TSLA,53.945335,49.33000183105469,0.0,-1.7573356628417969
2015-09-25,53.321998596191406,53.38199996948242,51.22999954223633,51.38199996948242,51.38199996948242,18867000,TSLA,53.59728,49.513999938964844,0.0,-2.2152786254882812
2015-10-02,47.119998931884766,49.540000915527344,46.986000061035156,49.513999938964844,49.513999938964844,22120000,TSLA,49.899654,44.13800048828125,0.0,-0.3856544494628906
2015-10-08,46.01599884033203,46.14400100708008,44.262001037597656,45.34400177001953,45.34400177001953,30666000,TSLA,47.748962,44.262001037597656,0.0,-2.4049606323242188
2015-10-19,45.29999923706055,46.22999954223633,44.987998962402344,45.619998931884766,45.619998931884766,12539500,TSLA,46.77796,43.051998138427734,0.0,-1.1579627990722656
2015-10-30,42.08000183105469,42.32600021362305,40.77799987792969,41.38600158691406,41.38600158691406,22194500,TSLA,44.15015,46.47200012207031,2.764148712158203,0.0
2015-11-03,42.77000045776367,42.88800048828125,41.54999923706055,41.66999816894531,41.66999816894531,41662500,TSLA,45.097244,43.29999923706055,3.42724609375,0.0
2015-11-06,46.13999938964844,46.672000885009766,45.900001525878906,46.47200012207031,46.47200012207031,12226500,TSLA,48.047226,41.4379997253418,0.0,-1.575225830078125
2015-11-30,46.358001708984375,46.85599899291992,45.816001892089844,46.051998138427734,46.051998138427734,13299000,TSLA,47.777348,46.22600173950195,1.7253494262695312,0.0
2015-12-01,46.21200180053711,47.599998474121094,46.209999084472656,47.4379997253418,47.4379997253418,18670000,TSLA,48.220074,45.34400177001953,0.0,-0.782073974609375
2015-12-04,46.492000579833984,46.65399932861328,45.53200149536133,46.07600021362305,46.07600021362305,12868000,TSLA,47.500103,43.40399932861328,0.0,-1.424102783203125
2015-12-07,45.540000915527344,47.125999450683594,45.22999954223633,46.22600173950195,46.22600173950195,15721000,TSLA,47.44339,43.715999603271484,0.0,-1.2173881530761719
2015-12-10,44.94200134277344,45.698001861572266,44.72800064086914,45.41400146484375,45.41400146484375,10358500,TSLA,45.865395,46.678001403808594,0.45139312744140625,0.0
2015-12-23,46.43600082397461,46.689998626708984,45.625999450683594,45.939998626708984,45.939998626708984,7775000,TSLA,46.17645,48.00199890136719,0.2364501953125,0.0
2015-12-24,46.11199951171875,46.375999450683594,45.65599822998047,46.11399841308594,46.11399841308594,3540000,TSLA,45.28456,44.68199920654297,0.0,0.829437255859375
2015-12-31,47.70199966430664,48.689998626708984,47.67399978637695,48.00199890136719,48.00199890136719,13575000,TSLA,48.01625,42.20000076293945,0.0,-0.014251708984375
2016-01-06,44.0,44.0099983215332,43.19599914550781,43.80799865722656,43.80799865722656,18895500,TSLA,44.96179,40.0620002746582,0.0,-1.1537895202636719
2016-01-14,40.44200134277344,42.0,38.67599868774414,41.236000061035156,41.236000061035156,32453500,TSLA,42.09469,40.5099983215332,0.0,-0.8586883544921875
2016-01-25,40.012001037597656,40.7140007019043,39.17599868774414,39.2760009765625,39.2760009765625,13493500,TSLA,40.752712,39.38800048828125,1.4767112731933594,0.0
2016-01-27,38.47600173950195,38.652000427246094,37.15399932861328,37.61399841308594,37.61399841308594,18086000,TSLA,38.754986,34.69599914550781,0.0,-1.1409873962402344
2016-02-03,36.71799850463867,36.78799819946289,34.0359992980957,34.69599914550781,34.69599914550781,39657000,TSLA,38.18443,28.733999252319332,0.0,-3.4884300231933594
2016-02-09,28.464000701904297,31.95800018310547,28.209999084472656,29.649999618530273,29.649999618530273,43258000,TSLA,32.907085,33.736000061035156,3.2570858001708984,0.0
2016-02-16,31.739999771118164,32.59000015258789,30.82200050354004,31.034000396728516,31.034000396728516,27969000,TSLA,34.181007,35.44200134277344,3.1470069885253906,0.0
2016-02-18,34.48400115966797,34.59000015258789,32.95399856567383,33.354000091552734,33.354000091552734,19438000,TSLA,35.76926,37.486000061035156,2.4152603149414062,0.0
2016-03-02,36.74599838256836,37.70399856567383,36.29999923706055,37.667999267578125,37.667999267578125,24312000,TSLA,38.903526,41.74399948120117,1.2355270385742188,0.0
2016-03-04,39.599998474121094,40.805999755859375,39.5,40.20800018310547,40.20800018310547,32445500,TSLA,42.75901,41.5,2.5510101318359375,0.0
2016-03-07,39.5359992980957,41.939998626708984,39.47999954223633,41.05799865722656,41.05799865722656,26647000,TSLA,43.02046,43.029998779296875,1.9624595642089844,0.0
2016-03-08,40.70000076293945,41.5,40.439998626708984,40.52000045776367,40.52000045776367,20893500,TSLA,42.519955,43.667999267578125,1.9999542236328125,0.0
2016-03-09,40.90399932861328,41.874000549316406,40.55799865722656,41.74399948120117,41.74399948120117,16043000,TSLA,42.22715,44.38600158691406,0.4831504821777344,0.0
2016-03-10,42.0,42.65800094604492,40.13399887084961,41.0359992980957,41.0359992980957,25962500,TSLA,42.707645,45.2760009765625,1.6716461181640625,0.0
2016-03-16,43.599998474121094,44.51599884033203,43.40399932861328,44.38600158691406,44.38600158691406,17583500,TSLA,45.043537,44.51599884033203,0.6575355529785156,0.0
2016-03-24,43.15599822998047,45.77799987792969,43.0,45.54999923706055,45.54999923706055,24804500,TSLA,44.691498,47.518001556396484,-0.8585014343261719,0.0
2016-04-04,49.82400131225586,50.42399978637695,48.72800064086914,49.39799880981445,49.39799880981445,67376500,TSLA,52.305843,49.98400115966797,2.9078445434570312,0.0
2016-04-11,50.20000076293945,51.79800033569336,49.060001373291016,49.98400115966797,49.98400115966797,45808500,TSLA,51.697624,50.7760009765625,1.713623046875,0.0
2016-04-12,49.900001525878906,50.36000061035156,48.72600173950195,49.56399917602539,49.56399917602539,28816000,TSLA,50.420174,49.4739990234375,0.0,-0.8561744689941406
2016-04-15,50.262001037597656,50.91999816894531,49.82400131225586,50.902000427246094,50.902000427246094,18762000,TSLA,50.216434,50.75,0.0,0.6855659484863281
2016-04-22,49.77799987792969,50.79999923706055,49.141998291015625,50.75,50.75,18931500,TSLA,49.49048,48.152000427246094,0.0,1.259521484375
2016-05-05,45.69200134277344,45.72800064086914,41.95800018310547,42.305999755859375,42.305999755859375,56274000,TSLA,46.178825,41.45600128173828,0.0,-3.8728256225585938
2016-05-16,41.630001068115234,42.630001068115234,41.58399963378906,41.65800094604492,41.65800094604492,14747000,TSLA,41.655205,43.24399948120117,-0.002796173095703125,0.0
2016-05-18,41.83000183105469,43.0620002746582,41.54999923706055,42.23400115966797,42.23400115966797,28087500,TSLA,42.671486,43.91600036621094,0.4374847412109375,0.0
2016-05-23,43.9739990234375,44.52000045776367,43.172000885009766,43.24399948120117,43.24399948120117,25512500,TSLA,44.882133,44.645999908447266,1.6381340026855469,0.0
2016-05-24,43.31999969482422,43.74800109863281,43.0359992980957,43.582000732421875,43.582000732421875,15069000,TSLA,43.637245,43.9119987487793,0.05524444580078125,0.0
2016-06-02,43.917999267578125,43.981998443603516,43.422000885009766,43.79199981689453,43.79199981689453,10164000,TSLA,44.875553,45.87200164794922,1.0835533142089844,0.0
2016-06-10,45.47800064086914,45.59400177001953,43.683998107910156,43.757999420166016,43.757999420166016,30133000,TSLA,47.4199,43.09400177001953,0.0,-3.6618995666503906
2016-06-13,43.900001525878906,45.15399932861328,43.53200149536133,43.57400131225586,43.57400131225586,20965000,TSLA,46.13935,43.939998626708984,2.565349578857422,0.0
2016-07-01,41.22800064086914,43.64799880981445,41.20000076293945,43.29999923706055,43.29999923706055,27000000,TSLA,44.21555,44.95600128173828,0.9155502319335938,0.0
2016-07-15,44.50400161743164,44.54999923706055,43.928001403808594,44.08000183105469,44.08000183105469,11171000,TSLA,44.629795,44.45399856567383,0.5497932434082031,0.0
2016-07-20,45.29399871826172,45.959999084472656,45.0,45.672000885009766,45.672000885009766,12842500,TSLA,46.223972,45.698001861572266,0.551971435546875,0.0
2016-08-02,45.874000549316406,45.9739990234375,44.279998779296875,45.439998626708984,45.439998626708984,19672000,TSLA,46.03082,45.816001892089844,0.5908203125,0.0
2016-08-29,44.029998779296875,44.08000183105469,43.0,43.040000915527344,43.040000915527344,16331500,TSLA,44.028774,40.566001892089844,0.0,-0.9887733459472656
2016-08-31,42.08599853515625,42.52000045776367,41.72999954223633,42.402000427246094,42.402000427246094,16382500,TSLA,43.336414,39.47200012207031,0.0,-0.9344139099121094
2016-09-06,39.80400085449219,40.650001525878906,39.79999923706055,40.566001892089844,40.566001892089844,21953000,TSLA,41.19738,39.209999084472656,0.0,-0.631378173828125
2016-09-07,41.099998474121094,41.29999923706055,40.141998291015625,40.34199905395508,40.34199905395508,18204500,TSLA,41.70377,39.28200149536133,0.0,-1.3617706298828125
2016-09-08,39.90999984741211,39.97800064086914,39.27199935913086,39.47200012207031,39.47200012207031,16889500,TSLA,40.842133,40.08399963378906,1.3701324462890625,0.0
2016-09-22,41.279998779296875,41.45600128173828,40.599998474121094,41.2859992980957,41.2859992980957,11914500,TSLA,41.848885,40.13999938964844,0.0,-0.5628852844238281
2016-09-27,41.93000030517578,41.99599838256836,40.922000885009766,41.1619987487793,41.1619987487793,16866000,TSLA,42.608913,42.28200149536133,1.4469146728515625,0.0
2016-10-18,39.198001861572266,39.89400100708008,38.652000427246094,39.81999969482422,39.81999969482422,28402500,TSLA,40.85154,40.46799850463867,1.0315399169921875,0.0
2016-10-26,40.20000076293945,40.63800048828125,40.02000045776367,40.448001861572266,40.448001861572266,28164000,TSLA,41.630898,37.604000091552734,0.0,-1.1828956604003906
2016-10-28,40.79999923706055,41.06399917602539,39.965999603271484,39.99399948120117,39.99399948120117,21400500,TSLA,41.822643,38.11199951171875,0.0,-1.828643798828125
2016-11-01,39.608001708984375,39.70000076293945,37.62200164794922,38.15800094604492,38.15800094604492,35300000,TSLA,41.09103,38.987998962402344,2.9330291748046875,0.0
2016-11-02,38.0099983215332,38.540000915527344,37.50199890136719,37.604000091552734,37.604000091552734,21267000,TSLA,39.599888,38.012001037597656,1.9958877563476562,0.0
2016-11-07,38.71799850463867,38.858001708984375,38.0099983215332,38.641998291015625,38.641998291015625,19350500,TSLA,39.767616,36.290000915527344,0.0,-1.1256179809570312
2016-11-09,37.375999450683594,38.400001525878906,36.790000915527344,38.012001037597656,38.012001037597656,40865500,TSLA,40.047314,36.7859992980957,0.0,-2.0353126525878906
2016-11-11,36.847999572753906,37.7760009765625,36.599998474121094,37.71200180053711,37.71200180053711,19942500,TSLA,38.17274,37.00400161743164,0.0,-0.4607391357421875
2016-11-14,37.599998474121094,37.650001525878906,35.63800048828125,36.290000915527344,36.290000915527344,32761000,TSLA,38.376675,36.90399932861328,2.0866737365722656,0.0
2016-11-22,37.167999267578125,38.29399871826172,36.742000579833984,38.23400115966797,38.23400115966797,28017000,TSLA,38.824455,37.880001068115234,0.0,-0.5904541015625
2016-12-01,37.650001525878906,37.70600128173828,36.20000076293945,36.375999450683594,36.375999450683594,25632000,TSLA,38.03936,38.45800018310547,1.663360595703125,0.0
2016-12-13,38.63600158691406,40.25600051879883,38.599998474121094,39.630001068115234,39.630001068115234,34119500,TSLA,40.518658,41.757999420166016,0.8886566162109375,0.0
2016-12-23,41.599998474121094,42.689998626708984,41.54199981689453,42.667999267578125,42.667999267578125,23352500,TSLA,42.56589,43.39799880981445,-0.10210800170898438,0.0
2017-01-09,45.79399871826172,46.38399887084961,45.599998474121094,46.25600051879883,46.25600051879883,19897500,TSLA,46.723373,47.11600112915039,0.4673728942871094,0.0
2017-01-18,47.33000183105469,47.94200134277344,47.11600112915039,47.672000885009766,47.672000885009766,18845000,TSLA,47.58917,50.89400100708008,-0.08283233642578125,0.0
2017-01-20,49.09199905395508,49.20000076293945,48.60200119018555,48.94599914550781,48.94599914550781,21021500,TSLA,49.540817,50.59000015258789,0.594818115234375,0.0
2017-01-24,50.0,50.959999084472656,49.93000030517578,50.922000885009766,50.922000885009766,24827500,TSLA,51.062176,50.38600158691406,0.0,-0.14017486572265625
2017-01-27,50.2760009765625,50.599998474121094,49.70399856567383,50.59000015258789,50.59000015258789,15831500,TSLA,50.088352,50.26599884033203,0.0,0.50164794921875
2017-02-03,50.38199996948242,50.43600082397461,49.93600082397461,50.26599884033203,50.26599884033203,10933500,TSLA,49.75445,53.84600067138672,-0.5115470886230469,0.0
2017-02-08,51.470001220703125,52.672000885009766,51.2400016784668,52.41600036621094,52.41600036621094,19665000,TSLA,52.119125,55.95199966430663,-0.296875,0.0
2017-02-16,55.52000045776367,56.0,53.70000076293945,53.790000915527344,53.790000915527344,35386500,TSLA,55.479103,51.400001525878906,0.0,-1.6891021728515625
2017-02-17,53.15999984741211,54.577999114990234,52.83000183105469,54.44599914550781,54.44599914550781,31285500,TSLA,54.37266,49.24599838256836,0.0,0.07333755493164062
2017-02-28,48.8380012512207,50.20000076293945,48.779998779296875,49.99800109863281,49.99800109863281,30390500,TSLA,50.317577,49.71799850463867,0.0,-0.3195762634277344
2017-03-06,49.582000732421875,50.34000015258789,49.50199890136719,50.242000579833984,50.242000579833984,16777500,TSLA,49.98357,49.23400115966797,0.0,0.25843048095703125
2017-03-16,52.47999954223633,53.150001525878906,51.8120002746582,52.40999984741211,52.40999984741211,35661000,TSLA,54.412518,50.95600128173828,0.0,-2.0025177001953125
2017-03-20,52.119998931884766,52.90999984741211,51.763999938964844,52.38399887084961,52.38399887084961,18071500,TSLA,53.720623,54.04399871826172,1.3366241455078125,0.0
2017-03-23,51.077999114990234,51.534000396728516,50.65999984741211,50.95600128173828,50.95600128173828,16601000,TSLA,52.367737,55.58399963378907,1.4117355346679688,0.0
2017-03-24,51.13999938964844,52.77799987792969,51.00199890136719,52.63199996948242,52.63199996948242,28236500,TSLA,53.88541,55.65999984741211,1.2534103393554688,0.0
2017-03-30,55.608001708984375,56.400001525878906,55.44200134277344,55.58399963378906,55.58399963378906,20742000,TSLA,57.295147,59.7400016784668,1.7111473083496094,0.0
2017-04-07,59.5,60.53799819946289,59.43000030517578,60.507999420166016,60.507999420166016,22898000,TSLA,60.78378,60.28799819946289,0.0,-0.27577972412109375
2017-04-20,61.301998138427734,61.83000183105469,60.04600143432617,60.50199890136719,60.50199890136719,30747000,TSLA,62.208397,61.72600173950195,1.7063980102539062,0.0
2017-05-04,61.487998962402344,61.55400085449219,58.152000427246094,59.09199905395508,59.09199905395508,70760000,TSLA,63.720135,64.62000274658203,4.628135681152344,0.0
2017-05-09,61.875999450683594,64.39800262451172,61.81999969482422,64.25199890136719,64.25199890136719,48382500,TSLA,65.71939,63.402000427246094,0.0,-1.4673919677734375
2017-05-16,63.518001556396484,64.01200103759766,63.02799987792969,63.402000427246094,63.402000427246094,20762500,TSLA,64.31957,60.77199935913087,0.0,-0.917572021484375
2017-05-19,63.099998474121094,63.29999923706055,62.040000915527344,62.16600036621094,62.16600036621094,23438000,TSLA,63.565506,65.02799987792969,1.399505615234375,0.0
2017-05-24,61.301998138427734,62.20000076293945,61.08000183105469,62.04399871826172,62.04399871826172,25166500,TSLA,62.331287,68.0739974975586,0.2872886657714844,0.0
2017-06-15,74.5,75.09200286865234,73.2979965209961,75.06800079345703,75.06800079345703,52132500,TSLA,78.800385,76.52200317382812,3.7323837280273438,0.0
2017-07-03,74.0479965209961,74.2699966430664,70.30000305175781,70.52400207519531,70.52400207519531,31527000,TSLA,74.90044,65.44400024414062,0.0,-4.376434326171875
2017-07-11,63.20000076293945,65.45600128173828,62.86000061035156,65.44400024414062,65.44400024414062,57797000,TSLA,69.469315,65.64800262451172,4.0253143310546875,0.0
2017-07-13,66.02200317382812,66.31999969482422,63.99399948120117,64.68199920654297,64.68199920654297,42972500,TSLA,69.745,65.98400115966797,5.0630035400390625,0.0
2017-07-26,68.0719985961914,69.0999984741211,67.6240005493164,68.7699966430664,68.7699966430664,24104000,TSLA,70.2013,65.1780014038086,0.0,-1.431304931640625
2017-07-28,67.37799835205078,67.91999816894531,66.50199890136719,67.01399993896484,67.01399993896484,24402000,TSLA,69.08483,71.38200378417969,2.070831298828125,0.0
2017-08-02,63.78799819946289,65.42400360107422,62.24399948120117,65.1780014038086,65.1780014038086,65457500,TSLA,68.211174,72.70600128173828,3.033172607421875,0.0
2017-08-09,72.19999694824219,74.0,71.79000091552734,72.70600128173828,72.70600128173828,34460500,TSLA,77.18074,72.58200073242188,0.0,-4.474739074707031
2017-08-10,72.31999969482422,73.33000183105469,70.93199920654297,71.08000183105469,71.08000183105469,35464500,TSLA,76.46964,70.38400268554688,0.0,-5.389640808105469
2017-08-18,70.58200073242188,70.80000305175781,69.16000366210938,69.49199676513672,69.49199676513672,27041000,TSLA,72.722916,69.61000061035156,3.2309188842773438,0.0
2017-08-29,67.89600372314453,69.80999755859375,67.75,69.47200012207031,69.47200012207031,20368500,TSLA,70.41197,68.90599822998047,0.0,-0.939971923828125
2017-09-05,70.76000213623047,71.0979995727539,69.1780014038086,69.91799926757812,69.91799926757812,19175500,TSLA,74.17281,72.55000305175781,4.254814147949219,0.0
2017-10-02,68.50399780273438,68.73999786376953,67.10199737548828,68.30599975585938,68.30599975585938,26434000,TSLA,71.08362,68.58799743652344,2.777618408203125,0.0
2017-10-06,70.62000274658203,72.0199966430664,70.44999694824219,71.3759994506836,71.3759994506836,21487500,TSLA,74.89693,71.11399841308594,0.0,-3.5209274291992188
2017-10-13,71.39600372314453,71.697998046875,70.73600006103516,71.11399841308594,71.11399841308594,17702500,TSLA,74.022995,69.0199966430664,0.0,-2.90899658203125
2017-10-17,70.18199920654297,71.24400329589844,70.01399993896484,71.1500015258789,71.1500015258789,16466500,TSLA,73.710655,67.46800231933594,0.0,-2.5606536865234375
2017-10-26,65.55599975585938,66.0459976196289,64.63999938964844,65.23400115966797,65.23400115966797,25117500,TSLA,68.92398,59.85200119018555,0.0,-3.6899795532226562
2017-11-08,61.099998474121094,61.37799835205078,60.2599983215332,60.87799835205078,60.87799835205078,23626500,TSLA,63.990784,62.2599983215332,3.1127853393554688,0.0
2017-11-15,61.20199966430664,62.49800109863281,60.29999923706055,62.2599983215332,62.2599983215332,29893500,TSLA,65.06564,62.52000045776367,2.805644989013672,0.0
2017-11-22,63.354000091552734,63.48400115966797,62.36800003051758,62.52000045776367,62.52000045776367,24588000,TSLA,67.00476,61.77000045776367,0.0,-4.484760284423828
2017-11-29,63.459999084472656,63.599998474121094,60.24599838256836,61.507999420166016,61.507999420166016,43837000,TSLA,66.351555,62.6520004272461,4.843555450439453,0.0
2017-12-04,61.29999923706055,61.65399932861328,60.12200164794922,61.040000915527344,61.040000915527344,29175500,TSLA,64.88612,65.78199768066406,3.8461227416992188,0.0
2017-12-29,63.236000061035156,63.28200149536133,62.0,62.27000045776367,62.27000045776367,18886000,TSLA,64.5252,67.28199768066406,2.255199432373047,0.0
2018-01-24,70.91600036621094,70.94999694824219,68.7040023803711,69.1780014038086,69.1780014038086,26437500,TSLA,72.815674,70.86199951171875,3.6376724243164062,0.0
2018-01-26,68.30000305175781,68.80000305175781,67.14199829101562,68.56999969482422,68.56999969482422,22697000,TSLA,70.176216,68.75,1.6062164306640625,0.0
2018-02-07,67.7979965209961,69.19999694824219,67.13200378417969,69.0,69.0,34846000,TSLA,70.354385,64.46199798583984,0.0,-1.3543853759765625
2018-02-13,63.00400161743164,64.83799743652344,62.50199890136719,64.73200225830078,64.73200225830078,22801000,TSLA,66.516975,66.66000366210938,1.78497314453125,0.0
2018-02-23,69.56600189208984,70.99800109863281,69.41999816894531,70.41000366210938,70.41000366210938,29087000,TSLA,73.29441,67.02400207519531,0.0,-2.8844070434570312
2018-02-27,71.25,71.99800109863281,70.00199890136719,70.197998046875,70.197998046875,23987000,TSLA,73.566086,65.63999938964844,0.0,-3.3680877685546875
2018-03-05,66.47799682617188,67.55000305175781,65.85800170898438,66.66999816894531,66.66999816894531,19119000,TSLA,68.36738,69.10199737548828,1.6973800659179688,0.0
2018-03-07,65.08799743652344,66.5,64.3479995727539,66.45999908447266,66.45999908447266,25036500,TSLA,68.34095,65.32599639892578,0.0,-1.880950927734375
2018-03-16,64.58599853515625,65.4800033569336,63.81399917602539,64.2699966430664,64.2699966430664,30586500,TSLA,67.5823,60.30799865722657,0.0,-3.3123016357421875
2018-03-29,51.29800033569336,54.19200134277344,49.641998291015625,53.22600173950195,53.22600173950195,75853500,TSLA,57.808296,59.86000061035157,4.582294464111328,0.0
2018-04-06,60.20000076293945,61.85599899291992,59.099998474121094,59.86000061035156,59.86000061035156,67601500,TSLA,66.825096,60.068000793457024,6.965095520019531,0.0
2018-04-27,57.07400131225586,58.89400100708008,56.76599884033203,58.816001892089844,58.816001892089844,21823000,TSLA,61.391773,58.81800079345703,2.5757713317871094,0.0
2018-05-10,61.5,62.597999572753906,60.821998596191406,61.00400161743164,61.00400161743164,28258000,TSLA,64.71513,56.90800094604493,0.0,-3.711132049560547
2018-05-11,61.540000915527344,61.7760009765625,59.816001892089844,60.21200180053711,60.21200180053711,23398000,TSLA,63.366203,55.36399841308594,0.0,-3.1542015075683594
2018-05-14,60.66400146484375,60.987998962402344,58.32400131225586,58.39400100708008,58.39400100708008,36434000,TSLA,62.579662,56.89799880981445,0.0,-4.185661315917969
2018-05-15,57.00199890136719,57.391998291015625,56.099998474121094,56.83599853515625,56.83599853515625,47596000,TSLA,60.397217,55.00199890136719,0.0,-3.56121826171875
2018-05-21,56.26599884033203,58.29800033569336,56.2599983215332,56.89799880981445,56.89799880981445,45913000,TSLA,58.634495,56.751998901367195,0.0,-1.7364959716796875
2018-06-05,59.540000915527344,59.560001373291016,57.347999572753906,58.22600173950195,58.22600173950195,29976000,TSLA,62.697918,68.55400085449219,4.471916198730469,0.0
2018-06-18,71.08000183105469,74.74600219726562,70.9000015258789,74.16600036621094,74.16600036621094,60366000,TSLA,76.947174,66.60199737548828,0.0,-2.7811737060546875
2018-06-20,71.60800170898438,72.8759994506836,70.4000015258789,72.44400024414062,72.44400024414062,41918500,TSLA,74.67949,68.9000015258789,0.0,-2.2354888916015625
2018-07-06,60.9900016784668,62.41400146484375,60.400001525878906,61.779998779296875,61.779998779296875,44327500,TSLA,64.90623,63.77399826049804,3.1262283325195312,0.0
2018-07-12,64.28600311279297,64.64600372314453,62.55400085449219,63.34199905395508,63.34199905395508,28606000,TSLA,66.28725,64.0459976196289,2.9452476501464844,0.0
2018-07-18,65.0,65.0999984741211,63.25,64.7699966430664,64.7699966430664,28121000,TSLA,66.672005,61.748001098632805,0.0,-1.902008056640625
2018-07-19,63.26599884033203,64.70800018310547,62.801998138427734,64.0459976196289,64.0459976196289,29576500,TSLA,66.17936,61.330001831054695,0.0,-2.13336181640625
2018-07-24,60.88399887084961,61.54399871826172,58.5099983215332,59.486000061035156,59.486000061035156,47954000,TSLA,63.39911,59.62799835205078,3.9131088256835938,0.0
2018-07-30,59.18000030517578,59.220001220703125,57.22600173950195,58.034000396728516,58.034000396728516,34070500,TSLA,59.696205,68.39800262451172,1.6622047424316406,0.0
2018-08-03,69.56199645996094,71.0,68.50599670410156,69.63400268554688,69.63400268554688,68282500,TSLA,73.88055,71.0979995727539,4.246543884277344,0.0
2018-08-09,73.11000061035156,73.4020004272461,69.14600372314453,70.48999786376953,70.48999786376953,85919000,TSLA,78.298874,67.08999633789062,0.0,-7.808876037597656
2018-08-10,70.80000305175781,72.0,69.19999694824219,71.0979995727539,71.0979995727539,57760000,TSLA,75.56962,61.099998474121094,0.0,-4.47161865234375
2018-08-23,63.827999114990234,65.46399688720703,63.619998931884766,64.0199966430664,64.0199966430664,25736500,TSLA,66.84651,60.63000106811523,0.0,-2.8265151977539062
2018-09-13,57.604000091552734,59.0,57.0359992980957,57.891998291015625,57.891998291015625,31701500,TSLA,61.79116,59.66600036621093,3.8991622924804688,0.0
2018-09-18,59.3380012512207,60.52799987792969,55.099998474121094,56.992000579833984,56.992000579833984,82737500,TSLA,63.101925,60.198001861572266,6.10992431640625,0.0
2018-09-19,56.10200119018555,60.0,56.099998474121094,59.80400085449219,59.80400085449219,41474500,TSLA,61.25965,61.91600036621094,1.4556503295898438,0.0
2018-09-26,60.38199996948242,62.77799987792969,60.22200012207031,61.91600036621094,61.91600036621094,39216000,TSLA,62.77987,58.959999084472656,0.0,-0.8638687133789062
2018-09-28,54.051998138427734,55.599998474121094,52.11199951171875,52.95399856567383,52.95399856567383,168248500,TSLA,61.670162,52.38999938964844,0.0,-8.716163635253906
2018-10-19,53.47800064086914,53.93199920654297,50.70000076293945,52.0,52.0,46877500,TSLA,57.07362,66.18000030517578,5.073619842529297,0.0
2018-10-23,52.77399826049805,59.58599853515625,52.41999816894531,58.827999114990234,58.827999114990234,95139000,TSLA,62.43269,65.9800033569336,3.6046905517578125,0.0
2018-10-30,65.6780014038086,67.58000183105469,64.4520034790039,65.9800033569336,65.9800033569336,45633500,TSLA,70.578995,68.21199798583984,4.598991394042969,0.0
2018-11-01,67.6520004272461,69.56800079345703,66.94599914550781,68.85600280761719,68.85600280761719,40000500,TSLA,71.00505,70.27999877929688,2.1490478515625,0.0
2018-11-05,68.0999984741211,68.79199981689453,66.02799987792969,68.27999877929688,68.27999877929688,39155000,TSLA,70.5903,66.25599670410156,0.0,-2.310302734375
2018-11-06,67.81400299072266,69.76000213623047,67.21800231933594,68.21199798583984,68.21199798583984,33814500,TSLA,70.73164,67.74600219726562,0.0,-2.5196456909179688
2018-11-13,66.63200378417969,68.94000244140625,66.44000244140625,67.74600219726562,67.74600219726562,27243000,TSLA,68.43381,69.49800109863281,0.68780517578125,0.0
2018-11-21,70.4000015258789,70.62000274658203,67.4800033569336,67.63800048828125,67.63800048828125,23434000,TSLA,68.26656,68.23400115966797,0.6285629272460938,0.0
2018-11-30,68.36599731445312,70.31999969482422,67.6520004272461,70.09600067138672,70.09600067138672,28145500,TSLA,72.2674,73.02999877929688,2.1714019775390625,0.0
2018-12-10,72.0,73.19599914550781,70.6240005493164,73.02999877929688,73.02999877929688,33067500,TSLA,74.54235,69.68399810791016,0.0,-1.5123519897460938
2018-12-28,64.62000274658203,67.24800109863281,63.68199920654297,66.77400207519531,66.77400207519531,49695000,TSLA,71.250404,66.99199676513672,4.476402282714844,0.0
2019-01-03,61.400001525878906,61.880001068115234,59.47600173950195,60.071998596191406,60.071998596191406,34826000,TSLA,63.25207,68.99400329589844,3.180072784423828,0.0
2019-01-08,68.39199829101562,68.802001953125,65.40399932861328,67.06999969482422,67.06999969482422,35042500,TSLA,71.203926,68.88600158691406,4.1339263916015625,0.0
2019-01-16,68.95600128173828,70.4000015258789,68.69999694824219,69.20999908447266,69.20999908447266,23458500,TSLA,72.33392,58.301998138427734,0.0,-3.1239242553710938
2019-01-28,58.582000732421875,59.492000579833984,57.54999923706055,59.2760009765625,59.2760009765625,32116500,TSLA,63.005802,62.577999114990234,3.7298011779785156,0.0
2019-02-05,62.49800109863281,64.48799896240234,62.45000076293945,64.2699966430664,64.2699966430664,33714000,TSLA,67.04531,62.36199951171875,0.0,-2.7753143310546875
2019-02-14,60.67599868774414,61.354000091552734,60.20000076293945,60.75400161743164,60.75400161743164,26004000,TSLA,63.83983,58.942001342773445,0.0,-3.085826873779297
2019-02-20,60.88199996948242,61.2599983215332,59.79999923706055,60.512001037597656,60.512001037597656,35710500,TSLA,65.06921,62.948001861572266,4.5572052001953125,0.0
2019-02-25,59.582000732421875,60.58000183105469,59.400001525878906,59.75400161743164,59.75400161743164,33132500,TSLA,63.467606,57.0719985961914,0.0,-3.713603973388672
2019-02-28,63.784000396728516,64.0,62.1619987487793,63.97600173950195,63.97600173950195,52603500,TSLA,68.54491,55.31800079345703,0.0,-4.568904876708984
2019-03-06,55.29600143432617,56.301998138427734,54.87799835205078,55.24800109863281,55.24800109863281,51677500,TSLA,60.997818,57.79199981689453,5.74981689453125,0.0
2019-03-19,53.5,54.65999984741211,52.69200134277344,53.49399948120117,53.49399948120117,59003000,TSLA,57.234314,53.55400085449219,3.740314483642578,0.0
2019-03-27,53.75,55.07400131225586,53.63600158691406,54.965999603271484,54.965999603271484,43896000,TSLA,58.171734,58.36199951171875,3.2057342529296875,0.0
2019-04-05,53.97200012207031,55.220001220703125,53.22200012207031,54.992000579833984,54.992000579833984,65191500,TSLA,59.701977,53.540000915527344,0.0,-4.7099761962890625
2019-04-08,55.53799819946289,56.231998443603516,54.0880012512207,54.63999938964844,54.63999938964844,52052000,TSLA,59.800827,53.2760009765625,0.0,-5.16082763671875
2019-04-18,54.24599838256836,54.96799850463867,53.95000076293945,54.652000427246094,54.652000427246094,29381500,TSLA,56.262756,47.02799987792969,0.0,-1.6107559204101562
2019-04-30,48.4119987487793,48.84199905395508,47.400001525878906,47.737998962402344,47.737998962402344,47323000,TSLA,52.90623,49.4119987487793,5.168231964111328,0.0
2019-05-01,47.77000045776367,48.0,46.29999923706055,46.801998138427734,46.801998138427734,53522000,TSLA,53.368523,48.96799850463867,6.566524505615234,0.0
2019-05-02,49.104000091552734,49.42599868774414,47.54399871826172,48.81999969482422,48.81999969482422,90796500,TSLA,56.834988,48.395999908447266,0.0,-8.01498794555664
2019-05-03,48.77199935913086,51.321998596191406,48.698001861572266,51.00600051879883,51.00600051879883,118534000,TSLA,59.56775,47.90399932861328,0.0,-8.561748504638672
2019-05-07,51.36000061035156,51.44200134277344,49.02000045776367,49.4119987487793,49.4119987487793,50657000,TSLA,54.259674,46.46200180053711,0.0,-4.847675323486328
2019-05-08,49.38800048828125,50.119998931884766,48.84000015258789,48.96799850463867,48.96799850463867,30882000,TSLA,51.856712,46.38999938964844,0.0,-2.888713836669922
2019-05-09,48.400001525878906,48.736000061035156,47.38800048828125,48.395999908447266,48.395999908447266,33557000,TSLA,50.951366,45.66600036621094,0.0,-2.5553665161132812
2019-05-10,47.95000076293945,48.39799880981445,47.20399856567383,47.90399932861328,47.90399932861328,35041500,TSLA,50.309685,42.20600128173828,0.0,-2.4056854248046875
2019-05-13,46.402000427246094,46.49399948120117,44.900001525878906,45.402000427246094,45.402000427246094,54174000,TSLA,49.479706,41.071998596191406,0.0,-4.077705383300781
2019-05-23,38.86800003051758,39.89400100708008,37.24399948120117,39.097999572753906,39.097999572753906,132735500,TSLA,48.67494,37.03200149536133,0.0,-9.57693862915039
2019-05-30,37.75,38.45199966430664,37.40399932861328,37.64400100708008,37.64400100708008,39632500,TSLA,40.705902,41.189998626708984,3.061901092529297,0.0
2019-06-14,42.25,43.33000183105469,42.08000183105469,42.98400115966797,42.98400115966797,37167000,TSLA,44.930687,44.37200164794922,1.946685791015625,0.0
2019-07-09,45.79399871826172,46.20000076293945,45.45600128173828,46.012001037597656,46.012001037597656,30954000,TSLA,47.96554,50.47600173950195,1.9535408020019531,0.0
2019-07-17,51.13399887084961,51.6619987487793,50.66999816894531,50.97200012207031,50.97200012207031,48823500,TSLA,52.458042,52.97600173950195,1.4860420227050781,0.0
2019-07-19,51.13800048828125,51.992000579833984,50.92399978637695,51.63600158691406,51.63600158691406,35242000,TSLA,52.85737,45.608001708984375,0.0,-1.2213668823242188
2019-07-23,51.34199905395508,52.09600067138672,50.900001525878906,52.034000396728516,52.034000396728516,25115500,TSLA,53.33394,48.45199966430664,0.0,-1.2999382019042969
2019-07-26,45.38399887084961,46.051998138427734,44.45000076293945,45.608001708984375,45.608001708984375,50138500,TSLA,48.178223,46.86800003051758,2.570220947265625,0.0
2019-07-29,45.417999267578125,47.1879997253418,45.20600128173828,47.15399932861328,47.15399932861328,46366500,TSLA,48.558098,45.66400146484375,0.0,-1.4040985107421875
2019-08-06,46.375999450683594,46.5,45.150001525878906,46.150001525878906,46.150001525878906,27821000,TSLA,46.85329,47.0,0.7032890319824219,0.0
2019-08-19,44.84199905395508,45.566001892089844,44.34000015258789,45.36600112915039,45.36600112915039,26548000,TSLA,46.91646,43.0,0.0,-1.5504570007324219
2019-08-26,42.720001220703125,43.00400161743164,42.30799865722656,43.0,43.0,25259500,TSLA,43.763428,45.00199890136719,0.763427734375,0.0
2019-08-30,45.83000183105469,46.487998962402344,44.84199905395508,45.12200164794922,45.12200164794922,46603000,TSLA,48.08924,46.358001708984375,2.9672393798828125,0.0
2019-09-13,49.391998291015625,49.689998626708984,48.9739990234375,49.040000915527344,49.040000915527344,26565500,TSLA,51.08631,48.124000549316406,0.0,-2.0463104248046875
2019-09-16,49.20000076293945,49.486000061035156,48.23400115966797,48.5620002746582,48.5620002746582,23640500,TSLA,49.96786,48.24599838256836,0.0,-1.4058609008789062
2019-09-20,49.29800033569336,49.38999938964844,47.63199996948242,48.124000549316406,48.124000549316406,31765000,TSLA,50.04259,48.42599868774414,1.9185905456542969,0.0
2019-09-23,48.0,49.0359992980957,47.84400177001953,48.24599838256836,48.24599838256836,21701000,TSLA,49.984673,48.17399978637695,0.0,-1.7386741638183594
2019-09-30,48.599998474121094,48.79600143432617,47.22200012207031,48.17399978637695,48.17399978637695,29399000,TSLA,51.068783,47.54399871826172,0.0,-2.8947830200195312
2019-10-11,49.43000030517578,50.215999603271484,49.36199951171875,49.577999114990234,49.577999114990234,42377000,TSLA,51.97647,51.38999938964844,2.3984718322753906,0.0
2019-10-14,49.58000183105469,51.709999084472656,49.42599868774414,51.391998291015625,51.391998291015625,51025000,TSLA,53.280476,50.70000076293945,0.0,-1.8884773254394531
2019-11-01,63.263999938964844,63.29600143432617,61.959999084472656,62.6619987487793,62.6619987487793,31919500,TSLA,64.32526,67.4280014038086,1.6632575988769531,0.0
2019-11-06,63.599998474121094,65.34400177001953,62.900001525878906,65.31600189208984,65.31600189208984,39704500,TSLA,64.49308,69.22200012207031,-0.8229217529296875,0.0
2019-11-08,66.9000015258789,67.49199676513672,66.5,67.4280014038086,67.4280014038086,30346000,TSLA,68.17968,70.43399810791016,0.751678466796875,0.0
2019-11-26,67.05400085449219,67.0999984741211,65.41999816894531,65.78399658203125,65.78399658203125,39737000,TSLA,68.23292,66.60600280761719,2.4489212036132812,0.0
2019-12-02,65.87999725341797,67.2760009765625,65.73799896240234,66.9739990234375,66.9739990234375,30372500,TSLA,68.020805,67.90599822998047,1.0468063354492188,0.0
2019-12-20,82.05799865722656,82.5999984741211,80.03800201416016,81.11799621582031,81.11799621582031,73763500,TSLA,83.31316,82.94000244140625,2.1951675415039062,0.0
2020-01-07,92.27999877929688,94.32599639892578,90.6719970703125,93.81199645996094,93.81199645996094,89410500,TSLA,97.20208,107.58399963378906,3.3900833129882812,0.0
2020-01-08,94.73999786376953,99.697998046875,93.64600372314453,98.4280014038086,98.4280014038086,155721500,TSLA,104.901665,103.69999694824219,6.473663330078125,0.0
2020-01-14,108.85199737548828,109.48200225830078,104.9800033569336,107.58399963378906,107.58399963378906,144981000,TSLA,116.188484,113.91200256347656,8.604484558105469,0.0
2020-01-28,113.697998046875,115.36199951171875,111.61599731445312,113.37999725341797,113.37999725341797,58942500,TSLA,117.72505,177.41200256347656,4.345054626464844,0.0
2020-02-18,168.32000732421875,172.0,166.4720001220703,171.67999267578125,171.67999267578125,81908500,TSLA,172.24406,159.98199462890625,0.0,-0.5640716552734375
2020-02-24,167.8000030517578,172.6999969482422,164.44000244140625,166.75799560546875,166.75799560546875,75961000,TSLA,172.39029,148.7239990234375,0.0,-5.632293701171875
2020-02-25,169.8000030517578,171.32000732421875,157.39999389648438,159.98199462890625,159.98199462890625,86452500,TSLA,166.97253,149.1020050048828,0.0,-6.99053955078125
2020-02-28,125.94000244140625,138.10400390625,122.30400085449219,133.59800720214844,133.59800720214844,122821000,TSLA,132.64236,140.6959991455078,-0.9556427001953125,0.0
2020-03-03,161.0,161.39599609375,143.2220001220703,149.1020050048828,149.1020050048828,128920000,TSLA,158.2626,129.0659942626953,0.0,-9.160598754882812
2020-03-05,144.75399780273438,149.14999389648438,143.61399841308594,144.9080047607422,144.9080047607422,54263500,TSLA,147.7672,112.11000061035155,0.0,-2.85919189453125
2020-03-09,121.0780029296875,132.60000610351562,121.0,121.5999984741211,121.5999984741211,85368500,TSLA,127.19519,89.01399993896484,0.0,-5.595191955566406
2020-03-12,116.1780014038086,118.9000015258789,109.25,112.11000061035156,112.11000061035156,94545500,TSLA,120.65182,85.52799987792969,0.0,-8.541816711425781
2020-03-18,77.80000305175781,80.97200012207031,70.10199737548828,72.24400329589844,72.24400329589844,118931000,TSLA,82.6765,107.8499984741211,10.4324951171875,0.0
2020-03-19,74.94000244140625,90.4000015258789,71.69200134277344,85.52799987792969,85.52799987792969,150977500,TSLA,89.21869,105.63200378417969,3.6906890869140625,0.0
2020-03-20,87.63999938964844,95.4000015258789,85.15799713134766,85.50599670410156,85.50599670410156,141427500,TSLA,97.55656,102.87200164794922,12.050559997558594,0.0
2020-03-27,101.0,105.16000366210938,98.80599975585938,102.87200164794922,102.87200164794922,71887000,TSLA,104.688484,96.00199890136719,0.0,-1.8164825439453125
2020-04-09,112.41799926757812,115.03600311279297,111.4219970703125,114.5999984741211,114.5999984741211,68250000,TSLA,123.36445,150.7779998779297,8.764450073242188,0.0
2020-04-14,139.79400634765625,148.37600708007812,138.48599243164062,141.97799682617188,141.97799682617188,152882500,TSLA,151.90247,137.343994140625,0.0,-9.924468994140625
2020-04-29,158.03399658203125,160.63999938964844,156.6320037841797,160.1020050048828,160.1020050048828,81080000,TSLA,171.4927,156.51600646972656,0.0,-11.390701293945312
2020-05-15,158.07000732421875,161.00999450683594,157.30999755859375,159.83399963378906,159.83399963378906,52592000,TSLA,168.30293,163.37600708007812,8.46893310546875,0.0
2020-05-26,166.89999389648438,166.9199981689453,163.14199829101562,163.7740020751953,163.7740020751953,40448500,TSLA,171.49248,176.31199645996094,7.718475341796875,0.0
2020-06-16,202.3699951171875,202.5760040283203,192.47799682617188,196.42599487304688,196.42599487304688,70255500,TSLA,208.72296,200.3560028076172,12.296966552734375,0.0
2020-06-18,200.60000610351562,203.83999633789062,198.8939971923828,200.79200744628906,200.79200744628906,48759500,TSLA,211.28426,197.1959991455078,0.0,-10.49224853515625
2020-06-23,199.7760009765625,202.39999389648438,198.802001953125,200.3560028076172,200.3560028076172,31826500,TSLA,208.0493,215.96200561523438,7.69329833984375,0.0
2020-06-29,193.802001953125,202.0,189.70399475097656,201.8699951171875,201.8699951171875,45132000,TSLA,209.11734,277.97198486328125,7.247344970703125,0.0
2020-07-01,216.60000610351562,227.0659942626953,216.10000610351562,223.92599487304688,223.92599487304688,66634500,TSLA,237.40382,278.8559875488281,13.477828979492188,0.0
2020-07-15,308.6000061035156,310.0,291.3999938964844,309.2019958496094,309.2019958496094,81839000,TSLA,324.32104,318.46600341796875,15.119049072265625,0.0
2020-07-20,303.802001953125,330.0,297.6000061035156,328.6000061035156,328.6000061035156,85607000,TSLA,334.47137,307.9200134277344,0.0,-5.871368408203125
2020-08-11,279.20001220703125,284.0,273.0,274.87799072265625,274.87799072265625,43129000,TSLA,298.07462,377.4179992675781,23.196624755859375,0.0
2020-08-12,294.0,317.0,287.0,310.9519958496094,310.9519958496094,109494000,TSLA,323.8069,375.70599365234375,12.854888916015625,0.0
2020-08-19,373.0,382.20001220703125,368.24200439453125,375.70599365234375,375.70599365234375,61026500,TSLA,407.85733,430.6340026855469,32.151336669921875,0.0
2020-09-01,502.1400146484375,502.489990234375,470.510009765625,475.04998779296875,475.04998779296875,90119400,TSLA,520.59875,366.2799987792969,0.0,-45.54876708984375
2020-09-09,356.6000061035156,369.0,341.510009765625,366.2799987792969,366.2799987792969,79465800,TSLA,377.46426,441.760009765625,11.18426513671875,0.0
2020-09-17,415.6000061035156,437.7900085449219,408.0,423.42999267578125,423.42999267578125,76779200,TSLA,449.47586,387.7900085449219,0.0,-26.045867919921875
2020-09-29,416.0,428.5,411.6000061035156,419.07000732421875,419.07000732421875,50219300,TSLA,460.51257,413.9800109863281,0.0,-41.44256591796875
2020-09-30,421.32000732421875,433.92999267578125,420.4700012207031,429.010009765625,429.010009765625,48145600,TSLA,467.618,425.29998779296875,0.0,-38.608001708984375
2020-10-09,430.1300048828125,434.5899963378906,426.4599914550781,434.0,434.0,28925700,TSLA,469.36203,439.6700134277344,35.362030029296875,0.0
2020-10-13,443.3500061035156,448.8900146484375,436.6000061035156,446.6499938964844,446.6499938964844,34463700,TSLA,481.5063,421.94000244140625,0.0,-34.856292724609375
2020-10-19,446.239990234375,447.0,428.8699951171875,430.8299865722656,430.8299865722656,36287800,TSLA,475.3576,420.2799987792969,0.0,-44.527618408203125
2020-10-22,441.9200134277344,445.2300109863281,424.510009765625,425.7900085449219,425.7900085449219,39993200,TSLA,469.88376,410.8299865722656,0.0,-44.09375
2020-11-02,394.0,406.9800109863281,392.29998779296875,400.510009765625,400.510009765625,29021100,TSLA,441.2107,421.260009765625,40.70068359375,0.0
2020-11-11,416.45001220703125,418.70001220703125,410.5799865722656,417.1300048828125,417.1300048828125,17357700,TSLA,453.52066,486.64001464843756,36.390655517578125,0.0
2020-11-17,460.1700134277344,462.0,433.010009765625,441.6099853515625,441.6099853515625,61188300,TSLA,490.256,555.3800048828125,48.646026611328125,0.0
2020-11-23,503.5,526.0,501.7900085449219,521.8499755859375,521.8499755859375,50260300,TSLA,562.5198,584.760009765625,40.6697998046875,0.0
2020-11-24,540.4000244140625,559.989990234375,526.2000122070312,555.3800048828125,555.3800048828125,53648500,TSLA,594.1367,568.8200073242188,38.7567138671875,0.0
2020-12-11,615.010009765625,624.0,596.7999877929688,609.989990234375,609.989990234375,46475000,TSLA,662.8123,695.0,52.82232666015625,0.0
2020-12-22,648.0,649.8800048828125,614.22998046875,640.3400268554688,640.3400268554688,51716000,TSLA,688.23267,694.780029296875,47.89263916015625,0.0
2020-12-23,632.2000122070312,651.5,622.5700073242188,645.97998046875,645.97998046875,33173000,TSLA,694.48267,705.6699829101562,48.502685546875,0.0
2020-12-28,674.510009765625,681.4000244140625,660.7999877929688,663.6900024414062,663.6900024414062,32278600,TSLA,729.1392,735.1099853515625,65.44921875,0.0
2020-12-31,699.989990234375,718.719970703125,691.1199951171875,705.6699829101562,705.6699829101562,49649900,TSLA,754.0395,880.02001953125,48.3695068359375,0.0
2021-01-07,777.6300048828125,816.989990234375,775.2000122070312,816.0399780273438,816.0399780273438,51498900,TSLA,836.2129,845.0,20.17291259765625,0.0
2021-01-12,831.0,868.0,827.3400268554688,849.4400024414062,849.4400024414062,46270700,TSLA,867.2049,850.4500122070312,17.764892578125,0.0
2021-01-20,858.739990234375,859.5,837.280029296875,850.4500122070312,850.4500122070312,25665900,TSLA,865.3105,864.1599731445312,14.8604736328125,0.0
2021-01-22,834.3099975585938,848.0,828.6199951171875,846.6400146484375,846.6400146484375,20066500,TSLA,858.1799,793.530029296875,0.0,-11.53985595703125
2021-01-29,830.0,842.4099731445312,780.0999755859375,793.530029296875,793.530029296875,34990800,TSLA,821.69183,852.22998046875,28.16180419921875,0.0
2021-02-05,845.0,864.77001953125,838.969970703125,852.22998046875,852.22998046875,18524800,TSLA,826.6912,816.1199951171875,0.0,25.53875732421875
2021-02-10,843.6400146484375,844.8200073242188,800.02001953125,804.8200073242188,804.8200073242188,36216100,TSLA,809.6428,787.3800048828125,0.0,-4.82281494140625
2021-02-16,818.0,821.0,792.4400024414062,796.219970703125,796.219970703125,19802300,TSLA,775.71014,698.8400268554688,0.0,20.50982666015625
2021-02-25,726.1500244140625,737.2100219726562,670.5800170898438,682.219970703125,682.219970703125,39023900,TSLA,676.41455,621.4400024414062,0.0,5.805419921875
