,open,high,low,close,adjclose,volume,ticker,adjclose_1,true_adjclose_1,buy_profit,sell_profit
2010-09-15,4.196000099182129,4.400000095367432,4.1579999923706055,4.395999908447266,4.395999908447266,3423000,TSLA,4.4622083,4.188000202178955,0.0,-0.0662083625793457
2010-09-24,3.990000009536743,4.038000106811523,3.930000066757202,4.019999980926514,4.019999980926514,2894500,TSLA,4.144413,4.105999946594238,0.12441301345825195,0.0
2010-10-04,4.085999965667725,4.234000205993652,4.059999942779541,4.197999954223633,4.197999954223633,3218000,TSLA,4.323131,4.223999977111816,0.12513113021850586,0.0
2010-10-18,4.104000091552734,4.127999782562256,4.044000148773193,4.046000003814697,4.046000003814697,814000,TSLA,4.3348794,4.010000228881836,0.0,-0.28887939453125
2010-10-20,4.0320000648498535,4.138000011444092,4.007999897003174,4.130000114440918,4.130000114440918,1562500,TSLA,4.324939,4.150000095367432,0.19493865966796875,0.0
2010-10-21,4.122000217437744,4.190000057220459,4.090000152587891,4.150000095367432,4.150000095367432,2085500,TSLA,4.3479176,4.144000053405762,0.0,-0.19791746139526367
2010-10-29,4.228000164031982,4.369999885559082,4.210000038146973,4.368000030517578,4.368000030517578,1403000,TSLA,4.4961796,4.2820000648498535,0.0,-0.12817955017089844
2010-11-08,4.900000095367432,5.0,4.806000232696533,4.995999813079834,4.995999813079834,2547500,TSLA,5.0290112,4.926000118255615,0.0,-0.033011436462402344
2010-11-09,5.0,5.138000011444092,4.809999942779541,4.926000118255615,4.926000118255615,4782000,TSLA,5.120433,5.872000217437744,0.19443273544311523,0.0
2010-11-12,5.650000095367432,6.099999904632568,5.613999843597412,5.9679999351501465,5.9679999351501465,13645500,TSLA,5.881742,6.159999847412109,-0.0862579345703125,0.0
2010-11-15,6.044000148773193,6.5879998207092285,6.044000148773193,6.159999847412109,6.159999847412109,13114500,TSLA,6.123412,5.934000015258789,0.0,0.03658771514892578
2010-11-24,7.053999900817871,7.193999767303467,6.866000175476074,7.093999862670898,7.093999862670898,7125000,TSLA,6.7858295,7.064000129699706,0.0,0.3081703186035156
2010-12-07,6.0980000495910645,6.480000019073486,6.010000228881836,6.311999797821045,6.311999797821045,6556500,TSLA,6.573453,6.473999977111816,0.26145315170288086,0.0
2010-12-14,6.058000087738037,6.078000068664551,5.552000045776367,5.705999851226807,5.705999851226807,8828500,TSLA,6.4003406,5.920000076293945,0.694340705871582,0.0
2010-12-22,6.449999809265137,6.572000026702881,6.340000152587891,6.526000022888184,6.526000022888184,4166500,TSLA,6.5600214,6.01800012588501,0.0,-0.03402137756347656
2010-12-27,5.604000091552734,5.716000080108643,5.01200008392334,5.110000133514404,5.110000133514404,46509500,TSLA,6.948261,5.2820000648498535,1.8382606506347656,0.0
2010-12-28,5.170000076293945,5.349999904632568,5.0,5.2820000648498535,5.2820000648498535,20281500,TSLA,6.657242,5.546000003814697,1.375241756439209,0.0
2011-01-04,5.331999778747559,5.389999866485596,5.203999996185303,5.334000110626221,5.334000110626221,5937000,TSLA,4.941164,5.366000175476074,-0.3928360939025879,0.0
2011-01-19,5.053999900817871,5.093999862670898,4.75,4.806000232696533,4.806000232696533,11857500,TSLA,5.3385653,4.52400016784668,0.0,-0.5325651168823242
2011-01-21,4.624000072479248,4.7179999351501465,4.541999816894531,4.607999801635742,4.607999801635742,6085000,TSLA,5.009317,4.8979997634887695,0.40131711959838867,0.0
2011-02-03,4.763999938964844,4.78000020980835,4.630000114440918,4.72599983215332,4.72599983215332,2560000,TSLA,4.878366,4.691999912261963,0.0,-0.15236616134643555
2011-02-04,4.688000202178955,4.734000205993652,4.644000053405762,4.691999912261963,4.691999912261963,2720000,TSLA,4.865285,4.613999843597412,0.0,-0.17328500747680664
2011-02-14,4.728000164031982,4.828000068664551,4.610000133514404,4.616000175476074,4.616000175476074,6415500,TSLA,4.7695003,4.567999839782715,0.0,-0.15350008010864258
2011-02-23,4.435999870300293,4.5,4.2220001220703125,4.366000175476074,4.366000175476074,8028000,TSLA,4.640782,4.50600004196167,0.2747817039489746,0.0
2011-03-04,4.895999908447266,4.998000144958496,4.75600004196167,4.989999771118164,4.989999771118164,7900500,TSLA,4.89511,4.98799991607666,0.0,0.09488964080810547
2011-04-14,4.973999977111816,5.056000232696533,4.840000152587891,5.0279998779296875,5.0279998779296875,4917000,TSLA,4.8847795,5.116000175476074,-0.1432204246520996,0.0
2011-04-19,5.052000045776367,5.052000045776367,4.929999828338623,5.0320000648498535,5.0320000648498535,2743500,TSLA,4.9775662,5.150000095367432,-0.05443382263183594,0.0
2011-04-26,5.331999778747559,5.449999809265137,5.26200008392334,5.386000156402588,5.386000156402588,7000000,TSLA,5.4244847,5.415999889373779,0.03848457336425781,0.0
2011-05-03,5.47599983215332,5.478000164031982,5.300000190734863,5.374000072479248,5.374000072479248,4569500,TSLA,5.6581273,5.3379998207092285,0.0,-0.28412723541259766
2011-05-04,5.355999946594238,5.400000095367432,5.150000095367432,5.3379998207092285,5.3379998207092285,5222500,TSLA,5.6360974,5.288000106811523,0.0,-0.2980976104736328
2011-05-06,5.380000114440918,5.539999961853027,5.323999881744385,5.423999786376953,5.423999786376953,4908500,TSLA,5.616582,5.581999778747559,0.1925821304321289,0.0
2011-05-13,5.599999904632568,5.638000011444092,5.460000038146973,5.510000228881836,5.510000228881836,3307500,TSLA,5.6902514,5.320000171661377,0.0,-0.1802511215209961
2011-05-18,5.21999979019165,5.294000148773193,5.104000091552734,5.269999980926514,5.269999980926514,3647500,TSLA,5.586405,5.639999866485596,0.3164048194885254,0.0
2011-06-03,5.989999771118164,6.300000190734863,5.900000095367432,6.026000022888184,6.026000022888184,31046000,TSLA,6.140225,5.739999771118164,0.0,-0.11422491073608398
2011-06-08,5.688000202178955,5.71999979019165,5.4039998054504395,5.423999786376953,5.423999786376953,8479500,TSLA,5.713076,5.52400016784668,0.2890763282775879,0.0
2011-06-09,5.486000061035156,5.619999885559082,5.420000076293945,5.52400016784668,5.52400016784668,8016000,TSLA,5.562459,5.572000026702881,0.038458824157714844,0.0
2011-06-14,5.708000183105469,5.940000057220459,5.703999996185303,5.71999979019165,5.71999979019165,7867000,TSLA,5.5668826,5.464000225067139,0.0,0.15311717987060547
2011-06-17,5.374000072479248,5.539999961853027,5.228000164031982,5.300000190734863,5.300000190734863,8570000,TSLA,5.564511,5.202000141143799,0.0,-0.2645106315612793
2011-06-22,5.473999977111816,5.650000095367432,5.420000076293945,5.441999912261963,5.441999912261963,7378000,TSLA,5.44213,5.541999816894531,0.00013017654418945312,0.0
2011-06-23,5.440000057220459,5.544000148773193,5.242000102996826,5.541999816894531,5.541999816894531,5850000,TSLA,5.447867,5.513999938964844,0.0,0.09413290023803711
2011-07-06,5.828000068664551,5.828000068664551,5.710000038146973,5.791999816894531,5.791999816894531,4634500,TSLA,5.866696,5.946000099182129,0.07469606399536133,0.0
2011-07-11,5.679999828338623,5.705999851226807,5.599999904632568,5.670000076293945,5.670000076293945,4879000,TSLA,6.013347,5.633999824523926,0.0,-0.34334707260131836
2011-07-14,5.705999851226807,5.791999816894531,5.449999809265137,5.521999835968018,5.521999835968018,5795000,TSLA,5.902264,5.515999794006348,0.0,-0.3802642822265625
2011-07-25,5.802000045776367,5.849999904632568,5.688000202178955,5.697999954223633,5.697999954223633,3366500,TSLA,5.8602715,5.599999904632568,0.0,-0.16227149963378906
2011-07-27,5.699999809265137,5.699999809265137,5.501999855041504,5.5279998779296875,5.5279998779296875,4792500,TSLA,5.8374844,5.633999824523926,0.30948448181152344,0.0
2011-08-01,5.734000205993652,5.796000003814697,5.642000198364258,5.754000186920166,5.754000186920166,5824500,TSLA,5.861451,5.4679999351501465,0.0,-0.10745096206665039
2011-08-08,4.619999885559082,4.888000011444092,4.619999885559082,4.728000164031982,4.728000164031982,13042500,TSLA,5.381002,5.01200008392334,0.6530017852783203,0.0
2011-08-17,5.2779998779296875,5.329999923706055,5.1020002365112305,5.165999889373779,5.165999889373779,3218500,TSLA,5.1677294,4.8520002365112305,0.0,-0.0017294883728027344
2011-08-29,4.843999862670898,4.96999979019165,4.803999900817871,4.941999912261963,4.941999912261963,4017000,TSLA,4.80755,4.926000118255615,0.0,0.13444995880126953
2011-08-30,4.900000095367432,4.953999996185303,4.817999839782715,4.926000118255615,4.926000118255615,1831000,TSLA,4.8779774,4.947999954223633,-0.04802274703979492,0.0
2011-08-31,4.960000038146973,5.099999904632568,4.855999946594238,4.947999954223633,4.947999954223633,4119000,TSLA,4.988946,4.800000190734863,0.0,-0.040946006774902344
2011-09-26,5.303999900817871,5.303999900817871,4.980000019073486,5.104000091552734,5.104000091552734,4674000,TSLA,5.400413,5.23799991607666,0.29641294479370117,0.0
2011-10-13,5.526000022888184,5.693999767303467,5.48799991607666,5.5879998207092285,5.5879998207092285,5217500,TSLA,5.6709933,5.610000133514404,0.0829935073852539,0.0
2011-10-26,5.638000011444092,5.673999786376953,5.480000019073486,5.5960001945495605,5.5960001945495605,2552500,TSLA,5.775825,5.751999855041504,0.1798248291015625,0.0
2011-11-18,6.728000164031982,6.822000026702881,6.507999897003174,6.519999980926514,6.519999980926514,4514000,TSLA,6.8715243,6.3520002365112305,0.0,-0.35152435302734375
2011-11-23,6.3520002365112305,6.409999847412109,6.25,6.289999961853027,6.289999961853027,2259000,TSLA,6.574202,6.331999778747559,0.28420209884643555,0.0
2011-12-01,6.513999938964844,6.797999858856201,6.395999908447266,6.519999980926514,6.519999980926514,5151000,TSLA,6.7448955,6.659999847412109,0.22489547729492188,0.0
2011-12-06,6.840000152587891,6.995999813079834,6.806000232696533,6.973999977111816,6.973999977111816,4759000,TSLA,7.042072,6.8379998207092285,0.0,-0.06807184219360352
2011-12-21,5.581999778747559,5.613999843597412,5.205999851226807,5.513999938964844,5.513999938964844,8527500,TSLA,5.768815,5.553999900817871,0.25481510162353516,0.0
2011-12-22,5.519999980926514,5.610000133514404,5.460000038146973,5.553999900817871,5.553999900817871,5047000,TSLA,5.7342076,5.579999923706055,0.1802077293395996,0.0
2011-12-29,5.7179999351501465,5.868000030517578,5.710000038146973,5.745999813079834,5.745999813079834,2441000,TSLA,5.784907,5.711999893188477,0.0,-0.03890705108642578
2012-01-09,5.400000095367432,5.498000144958496,5.223999977111816,5.449999809265137,5.449999809265137,4485000,TSLA,5.7820864,5.52400016784668,0.33208656311035156,0.0
2012-01-17,5.323999881744385,5.4679999351501465,5.2820000648498535,5.320000171661377,5.320000171661377,23258000,TSLA,6.0626283,5.361999988555908,0.7426280975341797,0.0
2012-01-20,5.380000114440918,5.400000095367432,5.28000020980835,5.320000171661377,5.320000171661377,3311500,TSLA,5.3157945,5.354000091552734,-0.0042057037353515625,0.0
2012-02-01,5.814000129699707,5.940000057220459,5.800000190734863,5.915999889373779,5.915999889373779,2616000,TSLA,6.022014,6.050000190734863,0.10601425170898438,0.0
2012-02-03,6.081999778747559,6.265999794006348,6.050000190734863,6.230000019073486,6.230000019073486,3822500,TSLA,6.22159,6.360000133514404,-0.008409976959228516,0.0
2012-02-06,6.21999979019165,6.380000114440918,6.210000038146973,6.360000133514404,6.360000133514404,3260500,TSLA,6.338993,6.320000171661377,0.0,0.021007061004638672
2012-02-24,6.8460001945495605,6.9039998054504395,6.6539998054504395,6.75,6.75,4799500,TSLA,6.940587,6.723999977111816,0.0,-0.19058704376220703
2012-03-08,6.622000217437744,6.697999954223633,6.607999801635742,6.613999843597412,6.613999843597412,3166500,TSLA,6.956498,6.947999954223634,0.3424983024597168,0.0
2012-03-13,7.302000045776367,7.317999839782715,7.099999904632568,7.2179999351501465,7.2179999351501465,5008000,TSLA,7.341086,7.058000087738036,0.0,-0.12308597564697266
2012-03-16,6.980000019073486,7.177999973297119,6.966000080108643,7.064000129699707,7.064000129699707,3646500,TSLA,7.33707,6.995999813079834,0.0,-0.2730698585510254
2012-03-19,7.052000045776367,7.064000129699707,6.9079999923706055,6.995999813079834,6.995999813079834,5078000,TSLA,7.3372912,6.992000102996826,0.0,-0.3412914276123047
2012-04-05,7.019999980926514,7.0879998207092285,6.881999969482422,6.895999908447266,6.895999908447266,7547000,TSLA,7.6610737,6.630000114440918,0.0,-0.7650737762451172
2012-04-11,6.6479997634887695,6.6579999923706055,6.4019999504089355,6.618000030517578,6.618000030517578,5527500,TSLA,6.8712244,6.688000202178955,0.25322437286376953,0.0
2012-04-13,6.788000106811523,6.808000087738037,6.570000171661377,6.7179999351501465,6.7179999351501465,3248000,TSLA,6.65649,6.449999809265137,0.0,0.06151008605957031
2012-04-16,6.682000160217285,6.739999771118164,6.418000221252441,6.449999809265137,6.449999809265137,5498000,TSLA,6.648047,6.447999954223633,0.0,-0.19804716110229492
2012-04-20,6.627999782562256,6.745999813079834,6.5879998207092285,6.631999969482422,6.631999969482422,4109000,TSLA,6.6968255,6.388000011444092,0.0,-0.06482553482055664
2012-04-25,6.414000034332275,6.5980000495910645,6.414000034332275,6.581999778747559,6.581999778747559,3561000,TSLA,6.684246,6.697999954223633,0.10224628448486328,0.0
2012-05-03,6.7820000648498535,6.800000190734863,6.426000118255615,6.492000102996826,6.492000102996826,4206500,TSLA,7.0032525,6.366000175476074,0.0,-0.5112524032592773
2012-05-04,6.464000225067139,6.492000102996826,6.28000020980835,6.366000175476074,6.366000175476074,6237500,TSLA,6.9923267,6.49399995803833,0.6263265609741211,0.0
2012-05-07,6.392000198364258,6.515999794006348,6.322000026702881,6.49399995803833,6.49399995803833,5790000,TSLA,6.9416637,6.038000106811523,0.0,-0.4476637840270996
2012-05-08,6.5,6.546000003814697,5.874000072479248,6.038000106811523,6.038000106811523,15486000,TSLA,6.951183,6.01200008392334,0.0,-0.9131827354431152
2012-05-09,6.059999942779541,6.1539998054504395,5.952000141143799,6.01200008392334,6.01200008392334,9739500,TSLA,6.8009214,6.5920000076293945,0.7889213562011719,0.0
2012-05-24,6.25,6.25,5.938000202178955,6.056000232696533,6.056000232696533,5378000,TSLA,6.0184393,5.961999893188477,0.0,0.03756093978881836
2012-05-31,6.013999938964844,6.058000087738037,5.75,5.900000095367432,5.900000095367432,5593500,TSLA,6.2279363,5.630000114440918,0.0,-0.32793617248535156
2012-06-05,5.567999839782715,5.677999973297119,5.51200008392334,5.581999778747559,5.581999778747559,3154500,TSLA,5.8576064,5.843999862670898,0.275606632232666,0.0
2012-06-12,5.8460001945495605,5.9679999351501465,5.76200008392334,5.932000160217285,5.932000160217285,2845000,TSLA,6.046304,5.953999996185303,0.1143040657043457,0.0
2012-06-15,5.877999782562256,5.989999771118164,5.76200008392334,5.98199987411499,5.98199987411499,3234000,TSLA,6.1919355,6.368000030517578,0.20993566513061523,0.0
2012-06-21,6.8520002365112305,6.855999946594238,6.368000030517578,6.438000202178955,6.438000202178955,9459500,TSLA,6.923836,6.757999897003175,0.4858360290527344,0.0
2012-06-22,6.519999980926514,6.796000003814697,6.492000102996826,6.757999897003174,6.757999897003174,15233000,TSLA,7.049482,6.622000217437744,0.0,-0.29148197174072266
2012-06-26,6.409999847412109,6.46999979019165,6.2779998779296875,6.322000026702881,6.322000026702881,13069500,TSLA,6.930789,6.392000198364258,0.6087889671325684,0.0
2012-06-27,6.380000114440918,6.489999771118164,6.314000129699707,6.392000198364258,6.392000198364258,5236000,TSLA,6.735081,6.2820000648498535,0.0,-0.343080997467041
2012-07-10,6.308000087738037,6.495999813079834,6.177999973297119,6.254000186920166,6.254000186920166,3792000,TSLA,6.3525066,6.302000045776367,0.09850645065307617,0.0
2012-07-27,5.742000102996826,5.932000160217285,5.619999885559082,5.9019999504089355,5.9019999504089355,8365000,TSLA,6.0368094,5.46999979019165,0.0,-0.1348094940185547
2012-08-01,5.5980000495910645,5.5980000495910645,5.205999851226807,5.25,5.25,7961500,TSLA,5.6116714,5.21999979019165,0.0,-0.36167144775390625
2012-08-22,5.802000045776367,6.007999897003174,5.802000045776367,5.989999771118164,5.989999771118164,3877500,TSLA,6.210905,6.145999908447266,0.22090530395507812,0.0
2012-08-24,6.01200008392334,6.047999858856201,5.881999969482422,5.900000095367432,5.900000095367432,7147000,TSLA,6.30009,5.664000034332275,0.0,-0.40008974075317383
2012-09-07,5.710000038146973,5.914000034332275,5.699999809265137,5.869999885559082,5.869999885559082,4766000,TSLA,5.891704,5.473999977111816,0.0,-0.02170419692993164
2012-09-19,6.199999809265137,6.3480000495910645,6.188000202178955,6.210000038146973,6.210000038146973,5242500,TSLA,6.4592037,6.179999828338623,0.0,-0.24920368194580078
2012-10-05,5.940000057220459,5.961999893188477,5.736000061035156,5.7779998779296875,5.7779998779296875,4693000,TSLA,5.7986646,5.849999904632568,0.020664691925048828,0.0
2012-10-09,5.823999881744385,5.823999881744385,5.650000095367432,5.673999786376953,5.673999786376953,5965000,TSLA,5.8646836,5.679999828338623,0.19068384170532227,0.0
2012-10-17,5.650000095367432,5.76800012588501,5.559999942779541,5.763999938964844,5.763999938964844,3340000,TSLA,5.7805457,5.607999801635742,0.0,-0.016545772552490234
2012-11-01,5.650000095367432,5.8979997634887695,5.639999866485596,5.849999904632568,5.849999904632568,5120500,TSLA,5.8461204,5.783999919891357,0.0,0.003879547119140625
2012-11-07,6.199999809265137,6.409999847412109,6.1620001792907715,6.308000087738037,6.308000087738037,8572500,TSLA,6.454598,6.26200008392334,0.0,-0.14659786224365234
2012-11-08,6.202000141143799,6.375999927520752,6.188000202178955,6.26200008392334,6.26200008392334,6370000,TSLA,6.4772687,6.064000129699707,0.0,-0.21526861190795898
2012-11-09,6.119999885559082,6.185999870300293,5.96999979019165,6.064000129699707,6.064000129699707,4315000,TSLA,6.4059887,6.214000225067139,0.34198856353759766,0.0
2012-11-12,6.058000087738037,6.283999919891357,6.0320000648498535,6.214000225067139,6.214000225067139,2779500,TSLA,6.323529,6.322000026702881,0.1095285415649414,0.0
2012-11-14,6.392000198364258,6.423999786376953,6.239999771118164,6.276000022888184,6.276000022888184,4356500,TSLA,6.383741,6.164000034332275,0.0,-0.10774087905883789
2012-11-26,6.420000076293945,6.460000038146973,6.323999881744385,6.453999996185303,6.453999996185303,2479000,TSLA,6.6800094,6.429999828338623,0.0,-0.22600936889648438
2012-11-29,6.688000202178955,6.800000190734863,6.573999881744385,6.73799991607666,6.73799991607666,5517000,TSLA,6.8560967,6.763999938964845,0.11809682846069336,0.0
2012-12-26,6.791999816894531,6.900000095367432,6.699999809265137,6.7179999351501465,6.7179999351501465,3007000,TSLA,6.9580784,6.73799991607666,0.24007844924926758,0.0
2012-12-27,6.699999809265137,6.7820000648498535,6.599999904632568,6.73799991607666,6.73799991607666,2805500,TSLA,6.9244576,6.644000053405763,0.0,-0.18645763397216797
2012-12-31,6.599999904632568,6.794000148773193,6.599999904632568,6.77400016784668,6.77400016784668,2974500,TSLA,6.896698,7.072000026702881,0.12269783020019531,0.0
2013-01-07,6.960000038146973,6.960000038146973,6.78000020980835,6.868000030517578,6.868000030517578,2210000,TSLA,7.195307,6.736000061035156,0.0,-0.32730674743652344
2013-01-10,6.77400016784668,6.797999858856201,6.676000118255615,6.705999851226807,6.705999851226807,4612500,TSLA,7.1382384,6.581999778747559,0.0,-0.4322385787963867
2013-01-11,6.808000087738037,6.808000087738037,6.421999931335449,6.581999778747559,6.581999778747559,7816000,TSLA,7.1198063,6.651999950408936,0.537806510925293,0.0
2013-01-29,7.619999885559082,7.688000202178955,7.426000118255615,7.590000152587891,7.590000152587891,7133000,TSLA,7.585729,7.504000186920166,0.0,0.004271030426025391
2013-01-31,7.573999881744385,7.573999881744385,7.386000156402588,7.501999855041504,7.501999855041504,4507000,TSLA,7.6420794,7.6599998474121085,0.14007949829101562,0.0
2013-02-07,7.8379998207092285,7.935999870300293,7.789999961853027,7.895999908447266,7.895999908447266,5983000,TSLA,8.002113,7.8480000495910645,0.0,-0.10611343383789062
2013-02-11,7.5960001945495605,7.829999923706055,7.5,7.684000015258789,7.684000015258789,16331500,TSLA,8.17109,7.578000068664552,0.0,-0.4870901107788086
2013-02-15,7.699999809265137,7.702000141143799,7.389999866485596,7.4079999923706055,7.4079999923706055,10088000,TSLA,7.8577356,7.855999946594239,0.4497356414794922,0.0
2013-03-05,7.199999809265137,7.383999824523926,7.1579999923706055,7.329999923706055,7.329999923706055,10435000,TSLA,6.867071,7.538000106811523,-0.46292877197265625,0.0
2013-03-06,7.4019999504089355,7.576000213623047,7.394000053405762,7.538000106811523,7.538000106811523,5750000,TSLA,7.034603,7.6459999084472665,-0.5033969879150391,0.0
2013-03-11,7.77400016784668,7.888000011444092,7.730000019073486,7.820000171661377,7.820000171661377,7897500,TSLA,7.641865,7.823999881744386,-0.17813539505004883,0.0
2013-03-13,7.800000190734863,7.8979997634887695,7.76200008392334,7.796000003814697,7.796000003814697,4110000,TSLA,7.9283776,7.369999885559082,0.0,-0.13237762451171875
2013-03-22,7.239999771118164,7.360000133514404,7.239999771118164,7.323999881744385,7.323999881744385,2201000,TSLA,7.2415757,7.50600004196167,-0.08242416381835938,0.0
2013-03-25,7.420000076293945,7.703999996185303,7.354000091552734,7.50600004196167,7.50600004196167,11894000,TSLA,7.4194365,7.57200002670288,-0.0865635871887207,0.0
2013-04-01,8.472000122070312,9.336000442504883,8.34000015258789,8.78600025177002,8.78600025177002,70492500,TSLA,8.843981,8.868000030517578,0.05798053741455078,0.0
2013-04-19,9.491999626159668,9.97599983215332,9.413999557495117,9.565999984741211,9.565999984741211,15058500,TSLA,9.392925,10.038000106811523,-0.17307472229003906,0.0
2013-04-24,10.180000305175781,10.210000038146973,9.795999526977539,10.086000442504883,10.086000442504883,13150000,TSLA,10.147464,10.399999618530273,0.061463356018066406,0.0
2013-05-01,11.197999954223633,11.197999954223633,10.600000381469727,10.656000137329102,10.656000137329102,13714000,TSLA,11.027384,10.821999549865723,0.3713836669921875,0.0
2013-05-08,11.5,11.640000343322754,11.142000198364258,11.157999992370605,11.157999992370605,33849500,TSLA,12.050403,13.880000114440918,0.8924026489257812,0.0
2013-05-13,16.197999954223633,17.600000381469727,15.829999923706055,17.559999465942383,17.559999465942383,112084500,TSLA,16.232838,16.648000717163086,0.0,1.3271617889404297
2013-05-14,18.8439998626709,19.423999786376953,16.229999542236328,16.648000717163086,16.648000717163086,185819500,TSLA,17.761084,16.968000411987305,1.1130828857421875,0.0
2013-05-20,18.224000930786133,18.5,17.72599983215332,17.988000869750977,17.988000869750977,41742000,TSLA,15.448532,17.51799964904785,0.0,2.539468765258789
2013-06-06,19.049999237060547,19.854000091552734,19.02199935913086,19.469999313354492,19.469999313354492,47554500,TSLA,17.106764,20.408000946044922,-2.3632354736328125,0.0
2013-06-21,20.739999771118164,20.739999771118164,19.5,19.90999984741211,19.90999984741211,58593000,TSLA,20.76902,20.29800033569336,0.8590202331542969,0.0
2013-07-03,23.600000381469727,23.850000381469727,22.854000091552734,23.04800033569336,23.04800033569336,24033500,TSLA,22.84648,24.01799964904785,-0.2015209197998047,0.0
2013-07-09,24.92799949645996,25.06399917602539,24.381999969482422,24.690000534057617,24.690000534057617,43016500,TSLA,24.084166,24.45400047302246,0.0,0.6058349609375
2013-07-11,24.97599983215332,25.218000411987305,24.469999313354492,25.121999740600586,25.121999740600586,37418000,TSLA,24.604637,25.979999542236328,-0.5173625946044922,0.0
2013-07-16,25.256000518798828,25.263999938964844,21.459999084472656,21.809999465942383,21.809999465942383,161859500,TSLA,26.94288,24.049999237060547,5.132881164550781,0.0
2013-07-18,24.194000244140625,24.54599952697754,23.236000061035156,23.805999755859375,23.805999755859375,56990500,TSLA,25.149487,23.93600082397461,1.3434867858886719,0.0
2013-07-31,26.513999938964844,26.993999481201172,26.290000915527344,26.856000900268555,26.856000900268555,31758500,TSLA,26.057789,27.110000610351562,-0.7982120513916016,0.0
2013-08-07,28.378000259399414,28.389999389648438,26.472000122070312,26.84600067138672,26.84600067138672,91061000,TSLA,28.899158,30.695999145507812,2.0531578063964844,0.0
2013-08-13,29.899999618530273,29.968000411987305,28.889999389648438,29.086000442504883,29.086000442504883,43744500,TSLA,29.600956,27.87199974060059,0.0,-0.5149555206298828
2013-08-16,28.326000213623047,28.781999588012695,28.194000244140625,28.399999618530273,28.399999618530273,35540500,TSLA,27.54531,28.979999542236328,-0.8546905517578125,0.0
2013-08-21,30.0,30.062000274658203,29.25,29.57200050354004,29.57200050354004,31331500,TSLA,28.176886,31.420000076293945,-1.3951148986816406,0.0
2013-08-23,31.399999618530273,32.459999084472656,31.0,32.36800003051758,32.36800003051758,64659500,TSLA,30.414356,32.84400177001953,-1.953643798828125,0.0
2013-08-27,32.459999084472656,33.7599983215332,32.189998626708984,33.402000427246094,33.402000427246094,87834500,TSLA,33.45762,33.290000915527344,0.0,-0.0556182861328125
2013-09-09,32.624000549316406,32.900001525878906,31.70199966430664,32.13999938964844,32.13999938964844,71722500,TSLA,33.23472,33.27399826049805,1.0947189331054688,0.0
2013-09-12,32.79999923706055,33.35200119018555,32.10200119018555,32.986000061035156,32.986000061035156,30800000,TSLA,32.369595,33.108001708984375,-0.6164054870605469,0.0
2013-09-26,37.34000015258789,37.93600082397461,37.12200164794922,37.72800064086914,37.72800064086914,33072000,TSLA,36.919643,38.18000030517578,-0.8083572387695312,0.0
2013-10-03,35.0099983215332,35.9379997253418,33.599998474121094,34.6619987487793,34.6619987487793,119082500,TSLA,39.392075,36.19599914550781,4.730075836181641,0.0
2013-10-09,34.94599914550781,34.99800109863281,32.29999923706055,33.75600051879883,33.75600051879883,76582500,TSLA,35.432384,34.58599853515625,1.6763839721679688,0.0
2013-10-18,36.83000183105469,37.19200134277344,36.50400161743164,36.68000030517578,36.68000030517578,29654000,TSLA,36.090134,34.52000045776367,0.0,0.5898666381835938
2013-10-28,34.0359992980957,34.099998474121094,32.439998626708984,32.571998596191406,32.571998596191406,39208500,TSLA,33.750957,32.89400100708008,1.1789588928222656,0.0
2013-11-04,33.0,35.077999114990234,32.84400177001953,35.040000915527344,35.040000915527344,65602000,TSLA,32.580166,35.36199951171875,-2.4598350524902344,0.0
2013-11-05,36.0,36.2859992980957,34.27199935913086,35.36199951171875,35.36199951171875,112335500,TSLA,34.23168,30.232000350952152,0.0,1.1303176879882812
2013-11-15,27.3700008392334,27.59000015258789,26.8700008392334,27.09000015258789,27.09000015258789,49501000,TSLA,25.101496,24.31599998474121,0.0,1.988504409790039
2013-12-04,28.86400032043457,28.88599967956543,27.426000595092773,27.790000915527344,27.790000915527344,65738500,TSLA,26.479479,28.09600067138672,-1.3105220794677734,0.0
2013-12-16,29.695999145507812,30.086000442504883,29.219999313354492,29.58799934387207,29.58799934387207,33376500,TSLA,28.800882,30.49200057983398,-0.7871170043945312,0.0
2013-12-19,29.3799991607666,29.399999618530273,27.81999969482422,28.143999099731445,28.143999099731445,63700000,TSLA,30.016096,28.648000717163086,1.8720970153808594,0.0
2013-12-23,28.969999313354492,29.24799919128418,28.520000457763672,28.709999084472656,28.709999084472656,26927500,TSLA,28.847036,30.2819995880127,0.1370372772216797,0.0
2013-12-24,30.0,30.993999481201172,29.964000701904297,30.281999588012695,30.281999588012695,49707500,TSLA,29.06002,31.100000381469723,-1.2219791412353516,0.0
2013-12-31,30.464000701904297,30.639999389648438,29.73200035095215,30.086000442504883,30.086000442504883,21312000,TSLA,30.159328,30.020000457763672,0.0,-0.07332801818847656
2014-01-03,30.0,30.437999725341797,29.719999313354492,29.91200065612793,29.91200065612793,23475000,TSLA,30.364223,29.39999961853027,0.0,-0.4522228240966797
2014-01-10,29.691999435424805,29.780000686645508,28.450000762939453,29.143999099731445,29.143999099731445,37230500,TSLA,30.48312,27.86800003051758,0.0,-1.339120864868164
2014-01-16,32.5,34.540000915527344,32.47999954223633,34.194000244140625,34.194000244140625,59797000,TSLA,32.996975,34.00199890136719,0.0,1.1970252990722656
2014-01-28,34.29999923706055,35.79600143432617,34.20000076293945,35.67599868774414,35.67599868774414,30467000,TSLA,34.945538,35.04600143432617,0.0,0.7304611206054688
2014-02-10,37.86800003051758,39.86000061035156,37.86399841308594,39.3120002746582,39.3120002746582,64853500,TSLA,37.713593,39.32400131225586,-1.5984077453613281,0.0
2014-02-12,39.15599822998047,39.65399932861328,38.86399841308594,39.06399917602539,39.06399917602539,25868500,TSLA,39.179012,39.92599868774414,0.11501312255859375,0.0
2014-02-14,39.619998931884766,40.375999450683594,39.400001525878906,39.645999908447266,39.645999908447266,30790000,TSLA,39.83053,40.7400016784668,0.18452835083007812,0.0
2014-02-28,49.93000030517578,50.5359992980957,48.5099983215332,48.96200180053711,48.96200180053711,72949000,TSLA,50.173138,50.11199951171875,1.2111358642578125,0.0
2014-03-07,50.5880012512207,50.970001220703125,48.88199996948242,49.242000579833984,49.242000579833984,39061500,TSLA,49.80636,47.768001556396484,0.0,-0.5643577575683594
2014-03-17,46.9900016784668,47.58599853515625,46.099998474121094,46.79600143432617,46.79600143432617,29563000,TSLA,47.644424,48.007999420166016,0.8484230041503906,0.0
2014-03-27,42.4739990234375,42.720001220703125,40.599998474121094,41.4640007019043,41.4640007019043,47478500,TSLA,44.963673,42.4739990234375,3.4996719360351562,0.0
2014-04-04,45.20199966430664,45.65399932861328,42.25,42.44599914550781,42.44599914550781,56728000,TSLA,45.005314,41.50400161743164,0.0,-2.559314727783203
2014-04-10,43.36399841308594,43.5,40.757999420166016,40.8380012512207,40.8380012512207,36057500,TSLA,42.839165,40.75600051879883,0.0,-2.0011634826660156
2014-04-14,41.52000045776367,41.6879997253418,38.88199996948242,39.61800003051758,39.61800003051758,38515000,TSLA,41.884388,38.78200149536133,0.0,-2.266387939453125
2014-04-17,39.922000885009766,40.45800018310547,38.816001892089844,39.624000549316406,39.624000549316406,29634000,TSLA,39.983284,40.875999450683594,0.359283447265625,0.0
2014-04-21,39.41600036621094,41.2400016784668,38.79999923706055,40.875999450683594,40.875999450683594,26291000,TSLA,39.661358,43.72800064086914,-1.2146415710449219,0.0
2014-04-30,40.720001220703125,41.63199996948242,40.25600051879883,41.577999114990234,41.577999114990234,22203000,TSLA,41.131943,41.54600143432617,0.0,0.4460563659667969
2014-05-13,36.75199890136719,38.268001556396484,36.599998474121094,38.03200149536133,38.03200149536133,35486000,TSLA,37.89472,38.124000549316406,-0.1372833251953125,0.0
2014-05-19,38.14400100708008,39.37799835205078,38.0,39.21799850463867,39.21799850463867,22858500,TSLA,37.69196,39.060001373291016,0.0,1.5260391235351562
2014-06-05,40.89400100708008,41.84000015258789,40.810001373291016,41.380001068115234,41.380001068115234,20273000,TSLA,42.25481,41.63399887084961,0.8748092651367188,0.0
2014-06-19,45.7760009765625,47.0620002746582,45.400001525878906,45.55799865722656,45.55799865722656,43965500,TSLA,46.397602,45.917999267578125,0.8396034240722656,0.0
2014-06-25,46.61000061035156,47.5099983215332,46.04800033569336,47.37799835205078,47.37799835205078,29008000,TSLA,47.708958,47.119998931884766,0.0,-0.3309593200683594
2014-06-27,46.9379997253418,48.0,46.900001525878906,47.8120002746582,47.8120002746582,28175000,TSLA,48.071354,48.012001037597656,0.2593536376953125,0.0
2014-06-30,47.90999984741211,48.89799880981445,47.79999923706055,48.012001037597656,48.012001037597656,24143000,TSLA,48.37446,47.944000244140625,0.0,-0.362457275390625
2014-07-02,48.13199996948242,48.465999603271484,45.41400146484375,45.88600158691406,45.88600158691406,40137000,TSLA,48.901913,45.849998474121094,0.0,-3.015911102294922
2014-07-03,46.257999420166016,46.380001068115234,44.79999923706055,45.849998474121094,45.849998474121094,25833500,TSLA,48.498623,44.53200149536133,0.0,-2.6486244201660156
2014-07-21,43.45000076293945,44.641998291015625,43.34400177001953,44.108001708984375,44.108001708984375,19111000,TSLA,44.70227,43.91600036621094,0.0,-0.594268798828125
2014-07-30,44.38399887084961,45.91999816894531,44.20800018310547,45.784000396728516,45.784000396728516,24639000,TSLA,46.56661,44.65999984741211,0.0,-0.7826080322265625
2014-08-12,51.61600112915039,52.060001373291016,50.91600036621094,51.992000579833984,51.992000579833984,31911500,TSLA,52.026443,52.0620002746582,0.034442901611328125,0.0
2014-08-19,51.77399826049805,51.86600112915039,50.32400131225586,51.35200119018555,51.35200119018555,26674000,TSLA,53.50321,51.141998291015625,0.0,-2.1512069702148438
2014-08-29,53.7400016784668,54.400001525878906,53.50199890136719,53.939998626708984,53.939998626708984,32235500,TSLA,54.56185,56.82400131225585,0.6218528747558594,0.0
2014-09-04,56.801998138427734,58.284000396728516,56.08000183105469,57.20800018310547,57.20800018310547,41708500,TSLA,58.036236,55.47800064086914,0.0,-0.8282356262207031
2014-09-05,56.5099983215332,56.58000183105469,54.50199890136719,55.47800064086914,55.47800064086914,55849500,TSLA,58.56307,56.422000885009766,3.0850677490234375,0.0
2014-09-11,56.09199905395508,56.95800018310547,55.72600173950195,56.0620002746582,56.0620002746582,18830500,TSLA,57.28615,55.8400001525879,0.0,-1.224151611328125
2014-09-12,56.099998474121094,56.47800064086914,55.400001525878906,55.84000015258789,55.84000015258789,16623000,TSLA,57.1794,50.77199935913086,0.0,-1.3394012451171875
2014-09-16,51.029998779296875,52.492000579833984,50.48400115966797,52.14799880981445,52.14799880981445,41500500,TSLA,56.174995,52.2760009765625,4.026996612548828,0.0
2014-09-18,52.672000885009766,53.119998931884766,52.4640007019043,52.763999938964844,52.763999938964844,18463000,TSLA,53.895985,51.86399841308594,0.0,-1.1319847106933594
2014-10-01,48.439998626708984,48.53200149536133,47.130001068115234,48.04800033569336,48.04800033569336,29708500,TSLA,50.026646,50.284000396728516,1.9786453247070312,0.0
2014-10-13,47.7140007019043,47.79199981689453,44.20000076293945,44.917999267578125,44.917999267578125,56343500,TSLA,51.682575,45.4119987487793,6.764575958251953,0.0
2014-10-23,46.93199920654297,47.25600051879883,46.400001525878906,47.05799865722656,47.05799865722656,17462000,TSLA,46.550125,47.04800033569336,0.0,0.50787353515625
2014-10-24,47.25400161743164,47.560001373291016,46.2400016784668,47.04800033569336,47.04800033569336,17316500,TSLA,47.049877,44.33399963378906,0.0,-0.0018768310546875
2014-11-10,47.821998596191406,48.57600021362305,47.36000061035156,48.38600158691406,48.38600158691406,22886000,TSLA,49.255314,50.215999603271484,0.8693122863769531,0.0
2014-11-11,48.5099983215332,50.36399841308594,48.400001525878906,50.215999603271484,50.215999603271484,39744000,TSLA,49.441555,49.81999969482422,0.0,0.774444580078125
2014-11-20,49.59000015258789,50.18600082397461,49.20000076293945,49.742000579833984,49.742000579833984,17936000,TSLA,51.802135,48.555999755859375,0.0,-2.0601348876953125
2014-11-26,49.667999267578125,49.79999923706055,49.31999969482422,49.6879997253418,49.6879997253418,9906000,TSLA,50.46866,48.90399932861328,0.0,-0.7806587219238281
2014-12-03,45.25,45.944000244140625,45.099998474121094,45.86000061035156,45.86000061035156,26538500,TSLA,48.714836,45.65599822998047,0.0,-2.8548355102539062
2014-12-12,40.9640007019043,42.33599853515625,40.900001525878906,41.400001525878906,41.400001525878906,35869000,TSLA,43.10215,40.80799865722656,0.0,-1.7021484375
2014-12-15,41.858001708984375,41.959999084472656,40.534000396728516,40.80799865722656,40.80799865722656,26091500,TSLA,42.3842,39.5620002746582,0.0,-1.576202392578125
2015-01-12,40.61000061035156,40.89400100708008,39.849998474121094,40.44200134277344,40.44200134277344,29751500,TSLA,42.960453,40.849998474121094,2.518451690673828,0.0
2015-01-23,40.05799865722656,40.70000076293945,39.66600036621094,40.257999420166016,40.257999420166016,17193000,TSLA,39.692745,41.310001373291016,-0.5652542114257812,0.0
2015-01-27,40.88399887084961,41.60599899291992,40.65999984741211,41.19599914550781,41.19599914550781,13905000,TSLA,40.978634,39.874000549316406,0.0,0.21736526489257812
2015-01-28,41.22200012207031,41.27399826049805,39.683998107910156,39.874000549316406,39.874000549316406,15748000,TSLA,41.41399,41.040000915527344,1.5399894714355469,0.0
2015-02-02,40.79399871826172,42.38999938964844,40.65999984741211,42.1879997253418,42.1879997253418,20746000,TSLA,42.2337,43.672000885009766,0.0457000732421875,0.0
2015-02-11,42.44200134277344,42.948001861572266,41.45600128173828,42.560001373291016,42.560001373291016,48845500,TSLA,45.357903,40.57600021362305,0.0,-2.797901153564453
2015-02-13,40.58000183105469,41.198001861572266,40.18199920654297,40.75400161743164,40.75400161743164,30955000,TSLA,43.720604,40.869998931884766,2.966602325439453,0.0
2015-02-20,42.15599822998047,43.52000045776367,41.96200180053711,43.422000885009766,43.422000885009766,29910500,TSLA,41.86084,41.46799850463867,0.0,1.5611610412597656
2015-02-24,41.45800018310547,41.45800018310547,40.34000015258789,40.821998596191406,40.821998596191406,33018000,TSLA,42.74569,40.75199890136719,0.0,-1.9236907958984375
2015-03-06,39.84199905395508,40.150001525878906,38.43000030517578,38.7760009765625,38.7760009765625,33562000,TSLA,40.836735,38.17599868774414,0.0,-2.0607337951660156
2015-03-18,38.992000579833984,40.17599868774414,38.62200164794922,40.141998291015625,40.141998291015625,24104500,TSLA,39.582592,39.130001068115234,0.0,0.5594062805175781
2015-04-06,39.599998474121094,41.54999923706055,39.5,40.619998931884766,40.619998931884766,62279000,TSLA,39.501766,40.650001525878906,-1.1182327270507812,0.0
2015-04-10,41.970001220703125,42.33000183105469,41.79999923706055,42.18000030517578,42.18000030517578,20338500,TSLA,41.98355,41.95600128173828,0.0,0.19644927978515625
2015-04-15,41.492000579833984,41.917999267578125,41.31999969482422,41.566001892089844,41.566001892089844,9762000,TSLA,42.631683,41.34000015258789,0.0,-1.0656814575195312
2015-04-16,41.540000915527344,41.83399963378906,41.257999420166016,41.34000015258789,41.34000015258789,8295500,TSLA,42.585987,41.358001708984375,1.2459869384765625,0.0
2015-04-22,42.5,44.375999450683594,42.3380012512207,43.88800048828125,43.88800048828125,39315000,TSLA,43.45342,43.720001220703125,0.0,0.4345817565917969
2015-04-27,44.512001037597656,47.75,44.400001525878906,46.310001373291016,46.310001373291016,58363000,TSLA,45.783195,46.09600067138672,0.0,0.5268058776855469
2015-05-04,45.63600158691406,46.94599914550781,45.422000885009766,46.10200119018555,46.10200119018555,22173000,TSLA,47.197994,46.59000015258789,1.0959930419921875,0.0
2015-05-21,48.60599899291992,49.32400131225586,48.47200012207031,49.124000549316406,49.124000549316406,9853000,TSLA,50.57426,49.54600143432617,1.4502601623535156,0.0
2015-06-02,49.784000396728516,49.880001068115234,49.2599983215332,49.66999816894531,49.66999816894531,10674000,TSLA,51.499535,49.79800033569336,1.8295364379882812,0.0
2015-06-08,50.16999816894531,51.75,50.0620002746582,51.257999420166016,51.257999420166016,25085000,TSLA,51.739605,51.20000076293945,0.0,-0.48160552978515625
2015-06-09,51.08000183105469,51.54800033569336,50.827999114990234,51.20000076293945,51.20000076293945,13055500,TSLA,52.10811,50.13999938964844,0.0,-0.9081077575683594
2015-06-10,50.380001068115234,50.79999923706055,49.70000076293945,50.13999938964844,50.13999938964844,17272500,TSLA,52.261368,50.28200149536133,2.121368408203125,0.0
2015-06-15,49.939998626708984,50.25600051879883,49.20199966430664,50.07600021362305,50.07600021362305,10931000,TSLA,51.939167,50.624000549316406,1.8631668090820312,0.0
2015-06-17,50.433998107910156,52.87200164794922,50.40399932861328,52.082000732421875,52.082000732421875,27564500,TSLA,52.376183,52.37799835205078,0.29418182373046875,0.0
2015-06-19,52.47999954223633,52.7599983215332,52.02000045776367,52.50199890136719,52.50199890136719,12315000,TSLA,53.42157,51.95800018310547,0.0,-0.9195709228515625
2015-06-22,52.43000030517578,52.880001068115234,51.13800048828125,51.95800018310547,51.95800018310547,22805500,TSLA,53.856087,53.534000396728516,1.8980865478515625,0.0
2015-06-30,52.959999084472656,54.183998107910156,52.79999923706055,53.652000427246094,53.652000427246094,15434500,TSLA,55.11562,53.83000183105469,1.4636192321777344,0.0
2015-07-06,55.7760009765625,56.3380012512207,55.2599983215332,55.944000244140625,55.944000244140625,20609500,TSLA,56.78431,53.57600021362305,0.0,-0.8403091430664062
2015-07-07,55.0,55.040000915527344,52.15399932861328,53.57600021362305,53.57600021362305,30525500,TSLA,56.958557,50.992000579833984,0.0,-3.382556915283203
2015-07-14,52.41999816894531,53.198001861572266,52.10200119018555,53.130001068115234,53.130001068115234,9538000,TSLA,53.506165,52.62799835205078,0.0,-0.3761634826660156
2015-07-15,53.347999572753906,53.49800109863281,52.41600036621094,52.62799835205078,52.62799835205078,10108000,TSLA,53.61779,53.33599853515625,0.9897918701171875,0.0
2015-07-16,52.84400177001953,53.439998626708984,52.63199996948242,53.33599853515625,53.33599853515625,8080000,TSLA,53.866802,54.93199920654297,0.5308036804199219,0.0
2015-07-22,52.25400161743164,53.88800048828125,52.172000885009766,53.57400131225586,53.57400131225586,15525000,TSLA,56.127716,53.439998626708984,0.0,-2.5537147521972656
2015-07-23,53.93000030517578,53.97999954223633,53.05400085449219,53.439998626708984,53.439998626708984,11136000,TSLA,55.74318,53.082000732421875,0.0,-2.303180694580078
2015-08-17,51.11199951171875,51.31800079345703,50.10200119018555,50.99800109863281,50.99800109863281,35883500,TSLA,49.8545,52.14400100708008,-1.1435012817382812,0.0
2015-08-20,50.4119987487793,50.9119987487793,48.380001068115234,48.43600082397461,48.43600082397461,24529000,TSLA,51.8877,46.15399932861328,0.0,-3.4516983032226562
2015-08-25,46.104000091552734,46.18000030517578,43.82400131225586,44.00600051879883,44.00600051879883,21636500,TSLA,47.915283,44.96799850463867,3.909282684326172,0.0
2015-08-28,48.37200164794922,50.290000915527344,48.31399917602539,49.69599914550781,49.69599914550781,27568500,TSLA,47.359585,49.8120002746582,-2.336414337158203,0.0
2015-08-31,49.124000549316406,50.9900016784668,49.10200119018555,49.8120002746582,49.8120002746582,23501000,TSLA,48.371357,47.72600173950195,0.0,1.440643310546875
2015-09-04,48.178001403808594,48.81800079345703,47.63999938964844,48.38600158691406,48.38600158691406,18446000,TSLA,50.126644,49.63399887084961,1.7406425476074219,0.0
2015-09-09,50.40999984741211,50.849998474121094,49.65999984741211,49.78200149536133,49.78200149536133,16954000,TSLA,50.579952,49.69599914550781,0.0,-0.7979507446289062
2015-09-10,49.44599914550781,50.14400100708008,49.066001892089844,49.69599914550781,49.69599914550781,13545000,TSLA,50.799046,50.04800033569336,1.1030464172363281,0.0
2015-09-15,50.54999923706055,50.91999816894531,49.900001525878906,50.7140007019043,50.7140007019043,14667500,TSLA,51.606213,52.45000076293945,0.8922119140625,0.0
2015-10-02,47.119998931884766,49.540000915527344,46.986000061035156,49.513999938964844,49.513999938964844,22120000,TSLA,50.895138,49.22999954223633,0.0,-1.3811378479003906
2015-10-09,44.18600082397461,44.874000549316406,43.672000885009766,44.13800048828125,44.13800048828125,30792000,TSLA,47.722088,43.11600112915039,0.0,-3.584087371826172
2015-10-15,43.2859992980957,44.34600067138672,42.7400016784668,44.262001037597656,44.262001037597656,14221000,TSLA,44.310677,45.402000427246094,0.048675537109375,0.0
2015-10-19,45.29999923706055,46.22999954223633,44.987998962402344,45.619998931884766,45.619998931884766,12539500,TSLA,45.111744,42.60599899291992,0.0,0.5082550048828125
2015-10-22,42.3120002746582,43.150001525878906,41.880001068115234,42.34400177001953,42.34400177001953,14126000,TSLA,44.570522,41.81800079345703,0.0,-2.226520538330078
2015-11-04,45.400001525878906,46.54800033569336,45.040000915527344,46.32600021362305,46.32600021362305,63632000,TSLA,45.010685,46.354000091552734,-1.3153152465820312,0.0
2015-11-05,46.11600112915039,46.91600036621094,45.8380012512207,46.354000091552734,46.354000091552734,22484000,TSLA,45.86335,46.47200012207031,-0.4906501770019531,0.0
2015-11-06,46.13999938964844,46.672000885009766,45.900001525878906,46.47200012207031,46.47200012207031,12226500,TSLA,46.328873,45.066001892089844,0.0,0.14312744140625
2015-11-13,42.59000015258789,42.597999572753906,41.30400085449219,41.4379997253418,41.4379997253418,17151500,TSLA,44.602627,42.86199951171875,3.1646270751953125,0.0
2015-11-24,43.07400131225586,44.20000076293945,43.0,43.650001525878906,43.650001525878906,12401500,TSLA,45.050144,45.928001403808594,1.4001426696777344,0.0
2015-12-15,44.36399841308594,44.444000244140625,43.599998474121094,44.21799850463867,44.21799850463867,11222000,TSLA,45.730637,46.902000427246094,1.5126380920410156,0.0
2015-12-16,44.41999816894531,46.97600173950195,44.145999908447266,46.902000427246094,46.902000427246094,25521500,TSLA,46.00986,46.678001403808594,0.0,0.8921394348144531
2015-12-22,46.99800109863281,47.310001373291016,45.92599868774414,45.9900016784668,45.9900016784668,9807500,TSLA,47.742138,45.939998626708984,0.0,-1.75213623046875
2016-01-04,46.14400100708008,46.2760009765625,43.79999923706055,44.68199920654297,44.68199920654297,34135500,TSLA,48.969982,44.68600082397461,4.287982940673828,0.0
2016-01-05,45.27199935913086,45.37799835205078,44.0,44.68600082397461,44.68600082397461,15934000,TSLA,48.323887,43.80799865722656,0.0,-3.6378860473632812
2016-01-12,42.31999969482422,42.74800109863281,41.0620002746582,41.99399948120117,41.99399948120117,15459500,TSLA,43.832684,40.0620002746582,0.0,-1.83868408203125
2016-01-15,39.79399871826172,41.013999938964844,39.45000076293945,40.99800109863281,40.99800109863281,27893000,TSLA,42.3211,40.944000244140625,0.0,-1.3230972290039062
2016-01-22,40.959999084472656,41.099998474121094,39.805999755859375,40.5099983215332,40.5099983215332,15620500,TSLA,41.005985,39.2760009765625,0.0,-0.4959869384765625
2016-02-08,31.420000076293945,31.43000030517578,29.200000762939453,29.597999572753906,29.597999572753906,46565000,TSLA,34.98576,29.64999961853027,5.387760162353516,0.0
2016-03-03,37.65599822998047,39.48400115966797,36.84400177001953,39.14799880981445,39.14799880981445,24145000,TSLA,38.92877,40.20800018310547,-0.21923065185546875,0.0
2016-03-09,40.90399932861328,41.874000549316406,40.55799865722656,41.74399948120117,41.74399948120117,16043000,TSLA,41.34252,41.0359992980957,0.0,0.4014778137207031
2016-03-10,42.0,42.65800094604492,40.13399887084961,41.0359992980957,41.0359992980957,25962500,TSLA,41.92434,41.5,0.8883399963378906,0.0
2016-03-23,46.4739990234375,46.94599914550781,44.40599822998047,44.51599884033203,44.51599884033203,24744000,TSLA,48.194088,45.54999923706055,3.678089141845703,0.0
2016-04-06,50.79399871826172,53.54800033569336,50.689998626708984,53.08399963378906,53.08399963378906,58527500,TSLA,51.29708,51.439998626708984,0.0,1.7869186401367188
2016-04-14,50.599998474121094,51.36800003051758,50.209999084472656,50.37200164794922,50.37200164794922,20661000,TSLA,50.823914,50.902000427246094,0.45191192626953125,0.0
2016-04-18,50.44599914550781,51.6619987487793,50.332000732421875,50.7760009765625,50.7760009765625,21357000,TSLA,51.0445,49.4739990234375,0.0,-0.2684974670410156
2016-04-22,49.77799987792969,50.79999923706055,49.141998291015625,50.75,50.75,18931500,TSLA,50.998592,50.36399841308594,0.0,-0.24859237670898438
2016-04-28,49.970001220703125,50.68600082397461,49.487998962402344,49.54199981689453,49.54199981689453,12595000,TSLA,51.630154,48.152000427246094,0.0,-2.088153839111328
2016-05-11,41.518001556396484,43.09600067138672,41.209999084472656,41.79199981689453,41.79199981689453,25809500,TSLA,42.792187,41.45600128173828,0.0,-1.0001869201660156
2016-06-06,43.599998474121094,44.18000030517578,43.09000015258789,44.13600158691406,44.13600158691406,11247500,TSLA,45.263367,46.46799850463867,1.1273651123046875,0.0
2016-06-07,44.448001861572266,46.88800048828125,44.30400085449219,46.46799850463867,46.46799850463867,31068000,TSLA,45.84634,47.104000091552734,-0.6216583251953125,0.0
2016-06-17,43.5620002746582,43.99800109863281,42.900001525878906,43.09400177001953,43.09400177001953,15563000,TSLA,44.617695,43.939998626708984,1.5236930847167969,0.0
2016-06-23,39.13800048828125,39.5099983215332,38.42599868774414,39.279998779296875,39.279998779296875,50653500,TSLA,44.272335,38.630001068115234,0.0,-4.992336273193359
2016-06-30,42.59400177001953,42.70000076293945,41.80400085449219,42.45600128173828,42.45600128173828,24215500,TSLA,40.478455,43.29999923706055,-1.9775466918945312,0.0
2016-07-05,41.94599914550781,42.90800094604492,41.599998474121094,42.79600143432617,42.79600143432617,25876500,TSLA,41.985386,42.88800048828125,-0.8106155395507812,0.0
2016-07-06,42.0,43.04600143432617,41.79999923706055,42.88800048828125,42.88800048828125,24599500,TSLA,42.5611,43.1879997253418,-0.3269004821777344,0.0
2016-07-11,43.992000579833984,45.35599899291992,43.902000427246094,44.95600128173828,44.95600128173828,27149000,TSLA,44.32026,44.93000030517578,0.0,0.6357421875
2016-07-15,44.50400161743164,44.54999923706055,43.928001403808594,44.08000183105469,44.08000183105469,11171000,TSLA,45.70497,45.25,1.624969482421875,0.0
2016-07-19,45.0,45.81999969482422,44.95000076293945,45.051998138427734,45.051998138427734,15575500,TSLA,46.0255,45.672000885009766,0.9735031127929688,0.0
2016-07-29,46.13999938964844,47.055999755859375,46.04800033569336,46.95800018310547,46.95800018310547,15354000,TSLA,47.31661,46.00199890136719,0.0,-0.3586082458496094
2016-08-02,45.874000549316406,45.9739990234375,44.279998779296875,45.439998626708984,45.439998626708984,19672000,TSLA,47.74505,45.15800094604492,0.0,-2.3050498962402344
2016-08-10,45.64799880981445,45.9739990234375,44.92399978637695,45.130001068115234,45.130001068115234,11691500,TSLA,46.900467,44.981998443603516,0.0,-1.7704658508300781
2016-08-17,44.86600112915039,44.965999603271484,44.560001373291016,44.64799880981445,44.64799880981445,8935500,TSLA,46.552036,44.70199966430664,1.9040374755859375,0.0
2016-08-25,44.62200164794922,44.7599983215332,44.15399932861328,44.19200134277344,44.19200134277344,8812500,TSLA,46.465134,43.99800109863281,0.0,-2.27313232421875
2016-08-29,44.029998779296875,44.08000183105469,43.0,43.040000915527344,43.040000915527344,16331500,TSLA,45.923668,42.268001556396484,0.0,-2.8836669921875
2016-08-30,43.22200012207031,43.22200012207031,42.104000091552734,42.268001556396484,42.268001556396484,15844500,TSLA,45.441296,42.402000427246094,3.1732940673828125,0.0
2016-09-08,39.90999984741211,39.97800064086914,39.27199935913086,39.47200012207031,39.47200012207031,16889500,TSLA,41.272186,38.89400100708008,0.0,-1.8001861572265625
2016-09-12,39.0,40.27399826049805,38.81999969482422,39.65999984741211,39.65999984741211,18576000,TSLA,40.507626,39.209999084472656,0.0,-0.847625732421875
2016-09-20,41.369998931884766,41.54999923706055,40.78200149536133,40.928001403808594,40.928001403808594,12052500,TSLA,41.666027,41.04399871826172,0.7380256652832031,0.0
2016-09-27,41.93000030517578,41.99599838256836,40.922000885009766,41.1619987487793,41.1619987487793,16866000,TSLA,42.9826,41.25400161743164,1.8206024169921875,0.0
2016-09-28,41.50199890136719,41.650001525878906,41.051998138427734,41.25400161743164,41.25400161743164,10442000,TSLA,42.979004,40.13999938964844,0.0,-1.7250022888183594
2016-10-07,40.20000076293945,40.263999938964844,39.15999984741211,39.321998596191406,39.321998596191406,17465000,TSLA,42.56419,40.189998626708984,3.2421913146972656,0.0
2016-10-24,40.20000076293945,40.790000915527344,40.04999923706055,40.551998138427734,40.551998138427734,13758000,TSLA,41.01406,40.46799850463867,0.0,-0.4620628356933594
2016-10-25,40.58000183105469,40.9379997253418,40.2400016784668,40.46799850463867,40.46799850463867,12225000,TSLA,41.06904,40.448001861572266,0.0,-0.6010398864746094
2016-10-26,40.20000076293945,40.63800048828125,40.02000045776367,40.448001861572266,40.448001861572266,28164000,TSLA,41.362225,40.801998138427734,0.9142227172851562,0.0
2016-10-28,40.79999923706055,41.06399917602539,39.965999603271484,39.99399948120117,39.99399948120117,21400500,TSLA,42.332745,39.54600143432617,0.0,-2.3387451171875
2016-10-31,40.49800109863281,40.49800109863281,39.1619987487793,39.54600143432617,39.54600143432617,23461500,TSLA,41.911728,38.15800094604492,0.0,-2.3657264709472656
2016-11-02,38.0099983215332,38.540000915527344,37.50199890136719,37.604000091552734,37.604000091552734,21267000,TSLA,40.40762,37.48400115966797,0.0,-2.803619384765625
2016-11-03,37.79999923706055,38.29399871826172,37.40800094604492,37.48400115966797,37.48400115966797,13265000,TSLA,39.43705,38.11199951171875,1.9530487060546875,0.0
2016-11-09,37.375999450683594,38.400001525878906,36.790000915527344,38.012001037597656,38.012001037597656,40865500,TSLA,39.12106,37.06999969482422,0.0,-1.1090583801269531
2016-11-14,37.599998474121094,37.650001525878906,35.63800048828125,36.290000915527344,36.290000915527344,32761000,TSLA,38.396507,36.75400161743164,2.10650634765625,0.0
2016-11-16,36.529998779296875,36.94599914550781,36.242000579833984,36.7859992980957,36.7859992980957,17172000,TSLA,37.56358,37.731998443603516,0.7775802612304688,0.0
2016-11-29,39.11199951171875,39.34600067138672,37.900001525878906,37.91400146484375,37.91400146484375,22196500,TSLA,39.71341,37.880001068115234,0.0,-1.799407958984375
2016-11-30,38.20000076293945,38.37799835205078,37.5,37.880001068115234,37.880001068115234,17735500,TSLA,39.668518,36.375999450683594,0.0,-1.7885169982910156
2016-12-02,36.57600021362305,36.97600173950195,36.0,36.29399871826172,36.29399871826172,20211500,TSLA,38.802578,37.36000061035156,2.5085792541503906,0.0
2016-12-08,38.40999984741211,38.5,37.90800094604492,38.45800018310547,38.45800018310547,15970500,TSLA,38.452724,38.43600082397461,0.0,0.005275726318359375
2016-12-12,38.560001373291016,38.88399887084961,38.236000061035156,38.486000061035156,38.486000061035156,12194500,TSLA,38.972134,39.630001068115234,0.4861335754394531,0.0
2016-12-16,39.61600112915039,40.518001556396484,39.52000045776367,40.49800109863281,40.49800109863281,18984500,TSLA,40.84929,40.54600143432617,0.351287841796875,0.0
2016-12-28,44.305999755859375,44.7599983215332,43.439998626708984,43.948001861572266,43.948001861572266,18912500,TSLA,44.29538,42.93600082397461,0.0,-0.3473777770996094
2017-01-09,45.79399871826172,46.38399887084961,45.599998474121094,46.25600051879883,46.25600051879883,19897500,TSLA,46.270832,45.9739990234375,0.0,-0.01483154296875
2017-01-12,45.8120002746582,46.13999938964844,45.11600112915039,45.917999267578125,45.917999267578125,18951000,TSLA,46.84418,47.54999923706055,0.9261817932128906,0.0
2017-01-17,47.34000015258789,47.992000579833984,46.874000549316406,47.11600112915039,47.11600112915039,23087500,TSLA,47.810585,47.672000885009766,0.6945838928222656,0.0
2017-01-24,50.0,50.959999084472656,49.93000030517578,50.922000885009766,50.922000885009766,24827500,TSLA,50.890835,50.89400100708008,0.0,0.03116607666015625
2017-01-25,51.46200180053711,51.69200134277344,50.36000061035156,50.89400100708008,50.89400100708008,25713000,TSLA,51.52806,50.50199890136719,0.0,-0.6340599060058594
2017-01-31,49.847999572753906,51.178001403808594,49.540000915527344,50.38600158691406,50.38600158691406,20580500,TSLA,51.937664,49.847999572753906,0.0,-1.5516624450683594
2017-02-01,50.61000061035156,50.63999938964844,49.810001373291016,49.847999572753906,49.847999572753906,19794000,TSLA,51.921032,50.310001373291016,2.0730323791503906,0.0
2017-02-02,49.667999267578125,50.48400115966797,49.54199981689453,50.310001373291016,50.310001373291016,12499000,TSLA,51.74696,50.26599884033203,0.0,-1.4369583129882812
2017-02-14,55.805999755859375,57.47800064086914,55.72200012207031,56.19599914550781,56.19599914550781,36726000,TSLA,56.61135,55.95199966430663,0.0,-0.41535186767578125
2017-02-17,53.15999984741211,54.577999114990234,52.83000183105469,54.44599914550781,54.44599914550781,31285500,TSLA,57.047073,55.47800064086914,2.60107421875,0.0
2017-02-21,55.09000015258789,56.279998779296875,54.801998138427734,55.47800064086914,55.47800064086914,28383500,TSLA,56.845844,54.70199966430664,0.0,-1.3678436279296875
2017-02-27,49.63399887084961,49.672000885009766,48.402000427246094,49.24599838256836,49.24599838256836,57304000,TSLA,53.85302,49.99800109863281,4.607021331787109,0.0
2017-02-28,48.8380012512207,50.20000076293945,48.779998779296875,49.99800109863281,49.99800109863281,30390500,TSLA,52.103027,50.00400161743164,2.1050262451171875,0.0
2017-03-08,49.400001525878906,50.013999938964844,49.06399917602539,49.374000549316406,49.374000549316406,18626000,TSLA,50.51038,48.97999954223633,0.0,-1.1363792419433594
2017-03-09,49.5260009765625,49.731998443603516,48.599998474121094,48.97999954223633,48.97999954223633,19396500,TSLA,50.611187,48.737998962402344,0.0,-1.6311874389648438
2017-03-14,49.22200012207031,51.624000549316406,49.20399856567383,51.599998474121094,51.599998474121094,37992000,TSLA,51.013794,51.145999908447266,0.0,0.5862045288085938
2017-03-15,51.400001525878906,52.20000076293945,50.854000091552734,51.145999908447266,51.145999908447266,26654000,TSLA,51.6713,52.40999984741211,0.525299072265625,0.0
2017-03-21,52.566001892089844,52.959999084472656,50.04800033569336,50.13600158691406,50.13600158691406,34543000,TSLA,53.736526,51.00199890136719,3.60052490234375,0.0
2017-04-05,60.40800094604492,60.97600173950195,58.84000015258789,59.0,59.0,39404500,TSLA,60.8023,59.7400016784668,1.8022994995117188,0.0
2017-04-11,62.67599868774414,62.694000244140625,61.099998474121094,61.742000579833984,61.742000579833984,28623000,TSLA,62.661972,59.36800003051758,0.0,-0.9199714660644531
2017-04-19,60.492000579833984,61.32400131225586,60.422000885009766,61.104000091552734,61.104000091552734,19490000,TSLA,61.783474,60.50199890136719,0.0,-0.679473876953125
2017-04-25,61.599998474121094,62.79600143432617,61.172000885009766,62.757999420166016,62.757999420166016,33688500,TSLA,63.11862,62.034000396728516,0.0,-0.3606224060058594
2017-05-01,62.97600173950195,65.44999694824219,62.96200180053711,64.56600189208984,64.56600189208984,44148000,TSLA,64.674965,63.77799987792968,0.0,-0.1089630126953125
2017-05-09,61.875999450683594,64.39800262451172,61.81999969482422,64.25199890136719,64.25199890136719,48382500,TSLA,63.645702,65.04399871826172,-0.6062965393066406,0.0
2017-05-19,63.099998474121094,63.29999923706055,62.040000915527344,62.16600036621094,62.16600036621094,23438000,TSLA,64.311,62.06999969482422,0.0,-2.1449966430664062
2017-05-31,67.53800201416016,68.5780029296875,67.03199768066406,68.2020034790039,68.2020034790039,49817000,TSLA,67.25854,68.0739974975586,0.0,0.9434661865234375
2017-06-02,67.9540023803711,68.57599639892578,67.18599700927734,67.97000122070312,67.97000122070312,27951000,TSLA,69.30729,69.46399688720703,1.3372879028320312,0.0
2017-06-07,71.26799774169922,72.0999984741211,71.02799987792969,71.93000030517578,71.93000030517578,46990000,TSLA,71.86954,74.0,-0.06046295166015625,0.0
2017-06-19,75.0,75.33999633789062,73.55999755859375,73.95999908447266,73.95999908447266,32746500,TSLA,75.96496,74.447998046875,2.0049591064453125,0.0
2017-06-30,72.74199676513672,73.35399627685547,71.92400360107422,72.3219985961914,72.3219985961914,29242500,TSLA,75.56609,70.52400207519531,0.0,-3.2440948486328125
2017-07-11,63.20000076293945,65.45600128173828,62.86000061035156,65.44400024414062,65.44400024414062,57797000,TSLA,64.930214,65.90399932861328,-0.5137863159179688,0.0
2017-07-20,65.37999725341797,66.04399871826172,64.83999633789062,65.98400115966797,65.98400115966797,25831000,TSLA,65.597046,65.68000030517578,0.0,0.38695526123046875
2017-07-21,65.89199829101562,66.25199890136719,65.16000366210938,65.68000030517578,65.68000030517578,24508000,TSLA,66.0491,68.50399780273438,0.36910247802734375,0.0
2017-07-26,68.0719985961914,69.0999984741211,67.6240005493164,68.7699966430664,68.7699966430664,24104000,TSLA,68.89599,66.89199829101562,0.0,-0.1259918212890625
2017-07-27,69.19999694824219,69.5,65.25800323486328,66.89199829101562,66.89199829101562,41512000,TSLA,69.52214,67.01399993896484,2.6301422119140625,0.0
2017-08-07,71.47000122070312,71.89600372314453,70.55000305175781,71.03399658203125,71.03399658203125,31622500,TSLA,70.23511,73.04399871826172,-0.79888916015625,0.0
2017-08-09,72.19999694824219,74.0,71.79000091552734,72.70600128173828,72.70600128173828,34460500,TSLA,72.510765,71.08000183105469,0.0,0.1952362060546875
2017-08-11,71.39399719238281,72.25199890136719,70.7239990234375,71.5739974975586,71.5739974975586,21829000,TSLA,73.41911,72.76000213623047,1.8451156616210938,0.0
2017-08-18,70.58200073242188,70.80000305175781,69.16000366210938,69.49199676513672,69.49199676513672,27041000,TSLA,73.86819,67.5719985961914,0.0,-4.376190185546875
2017-08-23,67.7979965209961,70.697998046875,67.66000366210938,70.55400085449219,70.55400085449219,24772500,TSLA,71.23531,70.58599853515625,0.6813125610351562,0.0
2017-08-25,70.8479995727539,71.13800048828125,69.45999908447266,69.61000061035156,69.61000061035156,17420000,TSLA,71.39906,69.13200378417969,0.0,-1.7890625
2017-08-30,69.93399810791016,70.69400024414062,69.4000015258789,70.63600158691406,70.63600158691406,17064500,TSLA,71.390755,71.18000030517578,0.7547531127929688,0.0
2017-09-06,69.9000015258789,70.19599914550781,68.31199645996094,68.90599822998047,68.90599822998047,20457000,TSLA,72.590866,70.12200164794922,3.6848678588867188,0.0
2017-09-21,74.9800033569336,75.36599731445312,72.9020004272461,73.2959976196289,73.2959976196289,23091000,TSLA,77.57135,70.21800231933594,0.0,-4.275352478027344
2017-09-22,73.2979965209961,73.9800033569336,70.1760025024414,70.21800231933594,70.21800231933594,40797000,TSLA,76.85558,68.99800109863281,0.0,-6.637580871582031
2017-09-26,70.18599700927734,70.24800109863281,68.18000030517578,69.05000305175781,69.05000305175781,35781500,TSLA,74.06049,68.19400024414062,0.0,-5.010490417480469
2017-10-04,70.25,71.7239990234375,69.91999816894531,71.00199890136719,71.00199890136719,40817500,TSLA,70.542274,71.06600189208984,-0.45972442626953125,0.0
2017-10-18,71.19400024414062,72.5999984741211,70.82599639892578,71.93000030517578,71.93000030517578,24695500,TSLA,72.97238,70.36199951171875,0.0,-1.0423812866210938
2017-10-24,67.76000213623047,68.55999755859375,67.23200225830078,67.46800231933594,67.46800231933594,22458500,TSLA,71.61491,65.16799926757812,0.0,-4.146903991699219
2017-10-27,63.95000076293945,64.91799926757812,63.332000732421875,64.17400360107422,64.17400360107422,34898500,TSLA,68.20675,64.01599884033203,0.0,-4.032745361328125
2017-11-15,61.20199966430664,62.49800109863281,60.29999923706055,62.2599983215332,62.2599983215332,29893500,TSLA,62.798866,62.50000000000001,0.5388679504394531,0.0
2017-11-28,63.27199935913086,64.0,62.784000396728516,63.5099983215332,63.5099983215332,24747500,TSLA,64.25661,61.507999420166016,0.0,-0.7466087341308594
2017-12-01,61.0880012512207,62.06399917602539,61.0099983215332,61.305999755859375,61.305999755859375,21464500,TSLA,63.75528,61.04000091552734,0.0,-2.44927978515625
2017-12-11,62.92599868774414,65.802001953125,62.75,65.78199768066406,65.78199768066406,39690000,TSLA,64.39681,68.20600128173828,-1.3851852416992188,0.0
2017-12-19,68.052001953125,68.2979965209961,66.05999755859375,66.22000122070312,66.22000122070312,34125000,TSLA,70.21637,65.7959976196289,0.0,-3.996368408203125
2017-12-29,63.236000061035156,63.28200149536133,62.0,62.27000045776367,62.27000045776367,18886000,TSLA,64.87983,64.10600280761719,2.6098289489746094,0.0
2018-01-09,67.03199768066406,67.76000213623047,65.4800033569336,66.73799896240234,66.73799896240234,35733000,TSLA,66.58946,66.95999908447266,-0.14853668212890625,0.0
2018-01-16,67.50800323486328,69.0,66.95999908447266,68.01200103759766,68.01200103759766,32371500,TSLA,69.18739,69.43199920654297,1.1753921508789062,0.0
2018-01-23,72.0,72.0999984741211,70.19999694824219,70.55799865722656,70.55799865722656,27327000,TSLA,72.09026,69.1780014038086,0.0,-1.5322647094726562
2018-01-25,69.65399932861328,69.83999633789062,67.27999877929688,67.52799987792969,67.52799987792969,33701500,TSLA,72.16861,68.56999969482422,4.6406097412109375,0.0
2018-01-29,67.97000122070312,70.16999816894531,67.65599822998047,69.90599822998047,69.90599822998047,23735500,TSLA,71.12637,69.16400146484375,0.0,-1.2203750610351562
2018-01-30,69.02799987792969,69.65399932861328,68.43399810791016,69.16400146484375,69.16400146484375,23588500,TSLA,70.9126,70.86199951171875,1.74859619140625,0.0
2018-02-02,69.68800354003906,70.38999938964844,68.10199737548828,68.75,68.75,18524000,TSLA,71.53001,66.6259994506836,0.0,-2.7800064086914062
2018-02-07,67.7979965209961,69.19999694824219,67.13200378417969,69.0,69.0,34846000,TSLA,70.04853,63.04600143432617,0.0,-1.0485305786132812
2018-02-08,68.66200256347656,69.7239990234375,62.91999816894531,63.04600143432617,63.04600143432617,51573000,TSLA,69.78444,62.08399963378907,0.0,-6.738437652587891
2018-02-12,63.22600173950195,63.61600112915039,61.25,63.145999908447266,63.145999908447266,31139000,TSLA,67.01276,64.73200225830078,3.8667564392089844,0.0
2018-03-02,65.39600372314453,67.04399871826172,64.59400177001953,67.02400207519531,67.02400207519531,25464000,TSLA,71.110565,66.66999816894531,0.0,-4.0865631103515625
2018-04-04,50.555999755859375,57.67399978637695,50.400001525878906,57.38800048828125,57.38800048828125,99483500,TSLA,53.74766,61.14400100708007,-3.640338897705078,0.0
2018-04-09,60.07400131225586,61.900001525878906,57.84199905395508,57.93199920654297,57.93199920654297,51249000,TSLA,57.14384,60.939998626708984,-0.7881584167480469,0.0
2018-04-13,60.720001220703125,60.790000915527344,59.19599914550781,60.06800079345703,60.06800079345703,36636000,TSLA,59.914547,58.24200057983398,0.0,0.15345382690429688
2018-04-25,56.70000076293945,57.03200149536133,55.45000076293945,56.13800048828125,56.13800048828125,20068000,TSLA,58.43611,57.09600067138672,2.2981109619140625,0.0
2018-04-26,55.75,57.15800094604492,55.29999923706055,57.09600067138672,57.09600067138672,21780000,TSLA,58.015205,58.816001892089844,0.9192047119140625,0.0
2018-05-03,55.757999420166016,57.608001708984375,55.04600143432617,56.88999938964844,56.88999938964844,86760500,TSLA,61.264687,58.81800079345703,4.374687194824219,0.0
2018-05-08,60.15999984741211,61.54999923706055,59.79999923706055,60.39400100708008,60.39400100708008,29650000,TSLA,60.7326,61.36999893188477,0.33860015869140625,0.0
2018-05-22,57.551998138427734,57.599998474121094,54.683998107910156,55.00199890136719,55.00199890136719,44729000,TSLA,58.142155,55.81399917602539,3.140155792236328,0.0
2018-06-01,57.172000885009766,58.38999938964844,56.768001556396484,58.36399841308594,58.36399841308594,27122000,TSLA,58.412956,59.34799957275391,0.04895782470703125,0.0
2018-06-05,59.540000915527344,59.560001373291016,57.347999572753906,58.22600173950195,58.22600173950195,29976000,TSLA,59.688576,63.900001525878906,1.4625740051269531,0.0
2018-06-12,68.94000244140625,70.99400329589844,67.5999984741211,68.55400085449219,68.55400085449219,111737000,TSLA,67.87779,68.95600128173828,-0.67620849609375,0.0
2018-06-19,73.03199768066406,74.0,69.25,70.51000213623047,70.51000213623047,63809500,TSLA,72.93355,72.44400024414062,2.4235458374023438,0.0
2018-06-28,69.73200225830078,71.40399932861328,69.22200012207031,69.98600006103516,69.98600006103516,41990000,TSLA,69.64944,68.58999633789062,0.0,0.3365631103515625
2018-07-02,72.01399993896484,72.95600128173828,65.97000122070312,67.01399993896484,67.01399993896484,93799000,TSLA,71.09352,62.172000885009766,0.0,-4.079521179199219
2018-07-03,66.3499984741211,66.49800109863281,61.9379997253418,62.172000885009766,62.172000885009766,61413000,TSLA,70.2891,61.832000732421875,0.0,-8.11709976196289
2018-07-10,64.91200256347656,65.53600311279297,63.84000015258789,64.49400329589844,64.49400329589844,47357500,TSLA,63.650433,63.79199981689453,0.0,0.8435707092285156
2018-07-16,62.34199905395508,63.03200149536133,61.25,62.02000045776367,62.02000045776367,39093500,TSLA,63.689552,64.53800201416016,1.6695518493652344,0.0
2018-07-20,64.24600219726562,64.64800262451172,62.34199905395508,62.715999603271484,62.715999603271484,25811000,TSLA,64.91112,60.63999938964844,0.0,-2.195117950439453
2018-07-25,59.347999572753906,61.92399978637695,58.900001525878906,61.74800109863281,61.74800109863281,35377000,TSLA,63.037014,61.330001831054695,0.0,-1.2890129089355469
2018-08-06,69.09200286865234,70.99600219726562,68.36399841308594,68.39800262451172,68.39800262451172,42821500,TSLA,68.21746,75.91400146484375,-0.1805419921875,0.0
2018-08-30,60.45199966430664,60.91999816894531,59.54399871826172,60.630001068115234,60.630001068115234,36083500,TSLA,63.131126,60.332000732421875,0.0,-2.5011253356933594
2018-09-12,56.28799819946289,58.5,55.72999954223633,58.108001708984375,58.108001708984375,50077000,TSLA,56.38282,57.891998291015625,0.0,1.7251815795898438
2018-09-14,57.75199890136719,59.465999603271484,57.30400085449219,59.040000915527344,59.040000915527344,33828000,TSLA,56.986214,58.96799850463867,0.0,2.0537872314453125
2018-09-17,58.007999420166016,60.17399978637695,57.625999450683594,58.96799850463867,58.96799850463867,34438000,TSLA,57.74582,56.992000579833984,0.0,1.2221794128417969
2018-09-24,59.69599914550781,60.599998474121094,58.715999603271484,59.93600082397461,59.93600082397461,24215000,TSLA,60.031998,60.198001861572266,0.09599685668945312,0.0
2018-10-05,54.93000030517578,54.97600173950195,52.0,52.38999938964844,52.38999938964844,89722500,TSLA,58.38931,50.11199951171875,0.0,-5.999309539794922
2018-10-12,52.20000076293945,52.39799880981445,50.402000427246094,51.75600051879883,51.75600051879883,36007000,TSLA,50.80979,51.917999267578125,-0.9462089538574219,0.0
2018-11-08,69.69999694824219,71.51599884033203,69.68800354003906,70.27999877929688,70.27999877929688,35453500,TSLA,70.24058,70.10199737548828,0.0,0.03942108154296875
2018-11-27,68.01000213623047,69.39199829101562,67.0999984741211,68.78399658203125,68.78399658203125,31791500,TSLA,69.641556,69.5739974975586,0.8575592041015625,0.0
2018-11-30,68.36599731445312,70.31999969482422,67.6520004272461,70.09600067138672,70.09600067138672,28145500,TSLA,70.213455,71.697998046875,0.11745452880859375,0.0
2018-12-03,72.0,73.19999694824219,70.4000015258789,71.697998046875,71.697998046875,41532500,TSLA,71.40988,71.94000244140625,-0.288116455078125,0.0
2018-12-24,62.70000076293945,62.900001525878906,59.040000915527344,59.077999114990234,59.077999114990234,27799500,TSLA,65.93416,65.21800231933594,6.856159210205078,0.0
2018-12-26,60.0,65.39399719238281,58.81800079345703,65.21800231933594,65.21800231933594,40815500,TSLA,64.3917,63.226001739501946,0.0,0.8263015747070312
2019-01-03,61.400001525878906,61.880001068115234,59.47600173950195,60.071998596191406,60.071998596191406,34826000,TSLA,64.420006,63.53799819946289,4.3480072021484375,0.0
2019-01-04,61.20000076293945,63.599998474121094,60.54600143432617,63.53799819946289,63.53799819946289,36970500,TSLA,63.787235,66.99199676513672,0.249237060546875,0.0
2019-01-07,64.34400177001953,67.3479995727539,63.54999923706055,66.99199676513672,66.99199676513672,37756000,TSLA,64.17469,67.06999969482422,-2.8173065185546875,0.0
2019-01-09,67.0999984741211,68.69999694824219,66.29399871826172,67.70600128173828,67.70600128173828,27164500,TSLA,66.53637,68.99400329589844,-1.1696319580078125,0.0
2019-01-11,68.41799926757812,69.68199920654297,67.75399780273438,69.4520034790039,69.4520034790039,25195500,TSLA,68.76238,66.87999725341797,0.0,0.6896209716796875
2019-01-15,67.0,69.76000213623047,66.9000015258789,68.88600158691406,68.88600158691406,30283000,TSLA,69.848045,69.20999908447266,0.9620437622070312,0.0
2019-01-22,60.9640007019043,61.599998474121094,59.099998474121094,59.784000396728516,59.784000396728516,60333500,TSLA,68.71426,57.518001556396484,0.0,-8.930255889892578
2019-01-23,58.5,58.900001525878906,56.3380012512207,57.518001556396484,57.518001556396484,62650000,TSLA,65.67034,58.301998138427734,8.152339935302734,0.0
2019-02-06,63.917999267578125,64.8479995727539,63.124000549316406,63.444000244140625,63.444000244140625,25192500,TSLA,63.550247,61.50199890136719,0.0,-0.1062469482421875
2019-02-08,61.36600112915039,61.4900016784668,59.70000076293945,61.15999984741211,61.15999984741211,29221000,TSLA,63.661846,62.56800079345703,2.5018463134765625,0.0
2019-02-11,62.31999969482422,63.720001220703125,62.099998474121094,62.56800079345703,62.56800079345703,35648500,TSLA,63.770996,62.36199951171875,0.0,-1.2029953002929688
2019-02-12,63.2400016784668,63.63800048828125,61.92399978637695,62.36199951171875,62.36199951171875,27588000,TSLA,63.893555,61.6339988708496,0.0,-1.53155517578125
2019-02-14,60.67599868774414,61.354000091552734,60.20000076293945,60.75400161743164,60.75400161743164,26004000,TSLA,63.44946,61.57600021362305,2.6954574584960938,0.0
2019-02-21,60.36199951171875,60.64799880981445,58.099998474121094,58.24599838256836,58.24599838256836,44546000,TSLA,62.646927,58.942001342773445,4.400928497314453,0.0
2019-02-27,60.35599899291992,63.2599983215332,60.11000061035156,62.948001861572266,62.948001861572266,55919500,TSLA,61.818157,63.97600173950196,-1.1298446655273438,0.0
2019-03-06,55.29600143432617,56.301998138427734,54.87799835205078,55.24800109863281,55.24800109863281,51677500,TSLA,59.319782,55.31800079345703,4.071781158447266,0.0
2019-03-20,53.9379997253418,54.99399948120117,53.2599983215332,54.720001220703125,54.720001220703125,34541000,TSLA,55.841606,54.80400085449219,1.1216049194335938,0.0
2019-03-22,54.51599884033203,54.560001373291016,52.79999923706055,52.90599822998047,52.90599822998047,43728000,TSLA,54.75545,52.08399963378906,0.0,-1.8494529724121094
2019-03-27,53.75,55.07400131225586,53.63600158691406,54.965999603271484,54.965999603271484,43896000,TSLA,54.12574,55.7239990234375,-0.8402595520019531,0.0
2019-03-28,55.43199920654297,56.066001892089844,55.02000045776367,55.7239990234375,55.7239990234375,33870500,TSLA,54.631126,55.97200012207031,-1.0928726196289062,0.0
2019-03-29,55.7400016784668,56.03200149536133,54.900001525878906,55.97200012207031,55.97200012207031,29956500,TSLA,55.212826,57.83599853515625,-0.7591743469238281,0.0
2019-04-16,53.150001525878906,55.0,52.944000244140625,54.672000885009766,54.672000885009766,36364500,TSLA,54.367294,54.24599838256836,0.0,0.3047065734863281
2019-04-17,54.95000076293945,54.95800018310547,53.70800018310547,54.24599838256836,54.24599838256836,25632500,TSLA,54.36239,54.652000427246094,0.11639022827148438,0.0
2019-05-06,50.00400161743164,51.66999816894531,49.70000076293945,51.06800079345703,51.06800079345703,54169500,TSLA,48.98332,49.4119987487793,0.0,2.0846824645996094
2019-05-10,47.95000076293945,48.39799880981445,47.20399856567383,47.90399932861328,47.90399932861328,35041500,TSLA,48.042107,45.402000427246094,0.0,-0.1381072998046875
2019-05-20,40.560001373291016,41.20000076293945,39.04999923706055,41.071998596191406,41.071998596191406,102631000,TSLA,45.553127,41.01599884033203,0.0,-4.481128692626953
2019-05-22,39.81999969482422,40.78799819946289,38.35599899291992,38.54600143432617,38.54600143432617,93426000,TSLA,42.591747,39.097999572753906,4.045745849609375,0.0
2019-06-06,40.88800048828125,42.20000076293945,40.36000061035156,41.189998626708984,41.189998626708984,101211000,TSLA,38.78386,40.900001525878906,0.0,2.406139373779297
2019-06-18,45.74399948120117,46.948001861572266,44.512001037597656,44.948001861572266,44.948001861572266,63579000,TSLA,43.929306,45.2859992980957,-1.0186958312988281,0.0
2019-06-21,43.24399948120117,44.43600082397461,43.099998474121094,44.37200164794922,44.37200164794922,41010500,TSLA,44.749557,44.72800064086914,0.37755584716796875,0.0
2019-07-01,46.04199981689453,46.619998931884766,45.25600051879883,45.433998107910156,45.433998107910156,41067000,TSLA,45.379425,44.90999984741211,0.0,0.05457305908203125
2019-07-18,51.0099983215332,51.150001525878906,50.37799835205078,50.70800018310547,50.70800018310547,23793000,TSLA,51.26301,51.63600158691406,0.5550079345703125,0.0
2019-07-19,51.13800048828125,51.992000579833984,50.92399978637695,51.63600158691406,51.63600158691406,35242000,TSLA,51.66798,51.13600158691406,0.0,-0.031978607177734375
2019-07-31,48.599998474121094,49.33599853515625,47.33000183105469,48.321998596191406,48.321998596191406,45891000,TSLA,47.50124,46.77000045776367,0.0,0.8207588195800781
2019-08-05,45.91999816894531,46.27399826049805,45.15599822998047,45.66400146484375,45.66400146484375,35141500,TSLA,46.81543,46.150001525878906,1.15142822265625,0.0
2019-08-06,46.375999450683594,46.5,45.150001525878906,46.150001525878906,46.150001525878906,27821000,TSLA,46.52899,46.683998107910156,0.37899017333984375,0.0
2019-08-12,46.597999572753906,47.15399932861328,45.75,45.801998138427734,45.801998138427734,23319500,TSLA,47.18741,47.0,1.3854103088378906,0.0
2019-08-14,46.242000579833984,46.29999923706055,43.3380012512207,43.92399978637695,43.92399978637695,47813000,TSLA,47.442863,43.12799835205078,0.0,-3.5188636779785156
2019-08-19,44.84199905395508,45.566001892089844,44.34000015258789,45.36600112915039,45.36600112915039,26548000,TSLA,45.578617,45.172000885009766,0.0,-0.212615966796875
2019-08-20,45.52399826049805,45.81800079345703,44.90800094604492,45.172000885009766,45.172000885009766,20626000,TSLA,45.454506,44.16600036621094,0.0,-0.2825050354003906
2019-08-26,42.720001220703125,43.00400161743164,42.30799865722656,43.0,43.0,25259500,TSLA,44.79498,42.816001892089844,0.0,-1.7949790954589844
2019-08-28,42.737998962402344,43.45000076293945,42.46200180053711,43.11800003051758,43.11800003051758,16127500,TSLA,43.82215,44.34199905395508,0.7041511535644531,0.0
2019-08-30,45.83000183105469,46.487998962402344,44.84199905395508,45.12200164794922,45.12200164794922,46603000,TSLA,44.86291,45.00199890136719,0.0,0.2590904235839844
2019-09-10,46.15999984741211,47.108001708984375,45.78799819946289,47.108001708984375,47.108001708984375,24418500,TSLA,46.85608,49.41999816894531,-0.251922607421875,0.0
2019-09-17,48.49399948120117,49.119998931884766,48.07400131225586,48.95800018310547,48.95800018310547,19327000,TSLA,50.056084,48.698001861572266,0.0,-1.09808349609375
2019-09-23,48.0,49.0359992980957,47.84400177001953,48.24599838256836,48.24599838256836,21701000,TSLA,50.174862,44.641998291015625,0.0,-1.928863525390625
2019-09-25,44.9119987487793,45.79600143432617,43.672000885009766,45.7400016784668,45.7400016784668,47135500,TSLA,49.1898,48.512001037597656,3.449798583984375,0.0
2019-10-22,50.86399841308594,51.66600036621094,50.16999816894531,51.11600112915039,51.11600112915039,23004000,TSLA,52.60449,50.93600082397461,0.0,-1.4884872436523438
2019-10-28,65.50800323486328,68.16799926757812,64.5199966430664,65.54199981689453,65.54199981689453,94351500,TSLA,62.97837,63.24399948120117,0.0,2.563629150390625
2019-10-29,63.99800109863281,64.86000061035156,62.95000076293945,63.24399948120117,63.24399948120117,63421500,TSLA,64.18533,63.001998901367195,0.0,-0.9413337707519531
2019-11-04,62.959999084472656,64.38800048828125,61.85200119018555,63.49399948120117,63.49399948120117,43935000,TSLA,63.39124,63.444000244140625,0.0,0.10276031494140625
2019-11-19,70.3499984741211,71.99800109863281,69.55999755859375,71.90399932861328,71.90399932861328,38624000,TSLA,71.994896,70.44400024414062,0.0,-0.0908966064453125
2019-11-25,68.86399841308594,68.91400146484375,66.89199829101562,67.26799774169922,67.26799774169922,61697500,TSLA,72.242546,65.78399658203125,0.0,-4.97454833984375
2019-12-02,65.87999725341797,67.2760009765625,65.73799896240234,66.9739990234375,66.9739990234375,30372500,TSLA,67.26367,67.23999786376953,0.2896728515625,0.0
2019-12-03,66.52400207519531,67.58200073242188,66.43800354003906,67.23999786376953,67.23999786376953,32868500,TSLA,67.3701,66.60600280761719,0.0,-0.13010406494140625
2019-12-06,67.0,67.77200317382812,66.9540023803711,67.1780014038086,67.1780014038086,38062000,TSLA,68.193146,67.90599822998047,1.0151443481445312,0.0
2019-12-12,70.98400115966797,72.5479965209961,70.64600372314453,71.93599700927734,71.93599700927734,38819500,TSLA,71.60712,71.6780014038086,0.0,0.32888031005859375
2019-12-19,79.46399688720703,81.37000274658203,79.30000305175781,80.80799865722656,80.80799865722656,90535500,TSLA,79.618095,81.11799621582031,-1.1899032592773438,0.0
2019-12-26,85.58200073242188,86.69599914550781,85.2699966430664,86.18800354003906,86.18800354003906,53169500,TSLA,85.077995,86.07599639892578,0.0,1.1100082397460938
2020-01-02,84.9000015258789,86.13999938964844,84.34200286865234,86.052001953125,86.052001953125,47660500,TSLA,86.42003,88.60199737548828,0.3680267333984375,0.0
2020-01-10,96.35800170898438,96.98799896240234,94.73999786376953,95.62999725341797,95.62999725341797,64797500,TSLA,98.08249,104.97200012207031,2.4524917602539062,0.0
2020-01-21,106.05000305175781,109.71600341796875,105.68199920654297,109.44000244140625,109.44000244140625,89017500,TSLA,104.82634,113.91200256347656,-4.6136627197265625,0.0
2020-01-22,114.37799835205078,118.9000015258789,111.81999969482422,113.91200256347656,113.91200256347656,156845000,TSLA,108.5351,114.44000244140626,-5.376899719238281,0.0
2020-01-27,108.39800262451172,112.88800048828125,107.85600280761719,111.60399627685547,111.60399627685547,68040500,TSLA,112.82496,113.37999725341797,1.2209625244140625,0.0
2020-02-05,164.65199279785156,169.1959991455078,140.82200622558594,146.94000244140625,146.94000244140625,242119000,TSLA,157.65765,149.79200744628906,10.7176513671875,0.0
2020-02-07,146.11000061035156,153.9499969482422,146.0,149.61399841308594,149.61399841308594,85317500,TSLA,155.93819,154.25599670410156,6.324188232421875,0.0
2020-02-12,155.57400512695312,157.9499969482422,152.6739959716797,153.45799255371094,153.45799255371094,60112500,TSLA,153.30518,160.8000030517578,-0.1528167724609375,0.0
2020-02-24,167.8000030517578,172.6999969482422,164.44000244140625,166.75799560546875,166.75799560546875,75961000,TSLA,178.85205,159.98199462890625,0.0,-12.09405517578125
2020-02-25,169.8000030517578,171.32000732421875,157.39999389648438,159.98199462890625,159.98199462890625,86452500,TSLA,176.5607,155.75999450683594,0.0,-16.578704833984375
2020-03-03,161.0,161.39599609375,143.2220001220703,149.1020050048828,149.1020050048828,128920000,TSLA,147.12067,149.89999389648438,-1.9813385009765625,0.0
2020-03-06,138.0,141.39999389648438,136.85400390625,140.6959991455078,140.6959991455078,63314500,TSLA,145.07437,121.5999984741211,0.0,-4.3783721923828125
2020-03-13,119.0,121.51399993896484,100.4000015258789,109.3239974975586,109.3239974975586,113201500,TSLA,122.613945,89.01399993896484,0.0,-13.289947509765625
2020-04-03,101.9000015258789,103.0979995727539,93.6780014038086,96.00199890136719,96.00199890136719,112810500,TSLA,100.87076,103.24800109863281,4.8687591552734375,0.0
2020-04-09,112.41799926757812,115.03600311279297,111.4219970703125,114.5999984741211,114.5999984741211,68250000,TSLA,108.6191,130.19000244140625,-5.98089599609375,0.0
2020-04-15,148.39999389648438,150.62600708007812,142.0,145.96600341796875,145.96600341796875,117885000,TSLA,133.93655,149.04200744628906,-12.029449462890625,0.0
2020-04-16,143.38800048828125,151.88999938964844,141.343994140625,149.04200744628906,149.04200744628906,103289500,TSLA,141.3427,150.7779998779297,-7.699310302734375,0.0
2020-04-27,147.52200317382812,159.8979949951172,147.0,159.75,159.75,103407000,TSLA,149.2675,153.82400512695312,0.0,10.482498168945312
2020-05-19,163.03399658203125,164.41400146484375,161.21600341796875,161.6020050048828,161.6020050048828,48182500,TSLA,164.04063,163.11199951171875,2.438629150390625,0.0
2020-05-28,162.70199584960938,164.9499969482422,160.33799743652344,161.16200256347656,161.16200256347656,36278000,TSLA,167.29796,167.0,6.135955810546875,0.0
2020-06-02,178.94000244140625,181.73199462890625,174.1999969482422,176.31199645996094,176.31199645996094,67828000,TSLA,174.37918,176.5919952392578,-1.9328155517578125,0.0
2020-06-04,177.9759979248047,179.14999389648438,171.68800354003906,172.87600708007812,172.87600708007812,44438500,TSLA,179.05736,177.1320037841797,6.1813507080078125,0.0
2020-06-11,198.0399932861328,203.79200744628906,194.39999389648438,194.5679931640625,194.5679931640625,79582500,TSLA,197.62692,187.05599975585938,0.0,-3.058929443359375
2020-06-12,196.0,197.5959930419922,182.52000427246094,187.05599975585938,187.05599975585938,83817000,TSLA,199.32323,198.17999267578125,12.267227172851562,0.0
2020-08-14,332.99798583984375,333.760009765625,325.3280029296875,330.1419982910156,330.1419982910156,62888000,TSLA,313.97372,367.12799072265625,-16.16827392578125,0.0
2020-08-18,379.7980041503906,384.7799987792969,369.0220031738281,377.4179992675781,377.4179992675781,82372500,TSLA,345.2741,375.70599365234375,0.0,32.143890380859375
2020-08-20,372.135986328125,404.39801025390625,371.4119873046875,400.3659973144531,400.3659973144531,103059000,TSLA,373.3393,409.9960021972656,-27.026702880859375,0.0
2020-09-18,447.94000244140625,451.0,428.79998779296875,442.1499938964844,442.1499938964844,86406800,TSLA,430.60565,449.3900146484375,-11.544342041015625,0.0
2020-09-21,453.1300048828125,455.67999267578125,407.07000732421875,449.3900146484375,449.3900146484375,109476800,TSLA,437.68024,424.2300109863281,0.0,11.70977783203125
2020-09-30,421.32000732421875,433.92999267578125,420.4700012207031,429.010009765625,429.010009765625,48145600,TSLA,414.70444,448.1600036621094,-14.305572509765625,0.0
2020-10-14,449.7799987792969,465.8999938964844,447.3500061035156,461.29998779296875,461.29998779296875,48045400,TSLA,445.4218,448.88000488281244,0.0,15.878173828125
2020-10-27,423.760009765625,430.5,420.1000061035156,424.67999267578125,424.67999267578125,22686500,TSLA,426.2676,406.0199890136719,0.0,-1.587615966796875
2020-11-16,408.92999267578125,412.45001220703125,404.0899963378906,408.0899963378906,408.0899963378906,26838600,TSLA,417.53278,441.60998535156256,9.442779541015625,0.0
2020-12-08,625.510009765625,651.280029296875,618.5,649.8800048828125,649.8800048828125,64265000,TSLA,605.60486,604.47998046875,0.0,44.275146484375
2020-12-28,674.510009765625,681.4000244140625,660.7999877929688,663.6900024414062,663.6900024414062,32278600,TSLA,643.77313,665.989990234375,-19.9168701171875,0.0
2021-01-08,856.0,884.489990234375,838.3900146484375,880.02001953125,880.02001953125,75055500,TSLA,764.2317,811.1900024414062,0.0,115.788330078125
2021-01-13,852.760009765625,860.469970703125,832.0,854.4099731445312,854.4099731445312,33312500,TSLA,812.51086,845.0,0.0,41.89910888671875
2021-01-19,837.7999877929688,850.0,833.0,844.5499877929688,844.5499877929688,25367000,TSLA,820.5023,850.4500122070312,-24.04766845703125,0.0
2021-01-22,834.3099975585938,848.0,828.6199951171875,846.6400146484375,846.6400146484375,20066500,TSLA,821.1895,880.7999877929688,-25.45050048828125,0.0
2021-02-04,855.0,856.5,833.4199829101562,849.989990234375,849.989990234375,15812700,TSLA,821.7902,852.22998046875,-28.19976806640625,0.0
2021-02-05,845.0,864.77001953125,838.969970703125,852.22998046875,852.22998046875,18524800,TSLA,823.5653,863.4199829101562,-28.6646728515625,0.0
2021-02-23,662.1300048828125,713.6099853515625,619.0,698.8400268554688,698.8400268554688,66606900,TSLA,734.62756,742.02001953125,35.78753662109375,0.0
2021-03-01,690.1099853515625,719.0,685.0499877929688,718.4299926757812,718.4299926757812,27009700,TSLA,688.80383,686.4400024414062,0.0,29.62615966796875
